transaction_id,timestamp,sender_phone,receiver_phone,transaction_type,amount_TZS,old_balance_TZS,new_balance_TZS,location,isFraud
TXN00001,2/20/2026 19:18,795822412,724942603,Withdraw,214805,4829031,4614226,Mwanza,0
TXN00002,1/11/2026 20:22,723756669,783197857,Buy Airtime,734295,10641115,9906820,Dar es Salaam,0
TXN00003,7/24/2026 8:14,722575562,739345092,Bank Transfer,1956701,10435155,8478454,Dar es Salaam,0
TXN00004,8/3/2026 13:04,736687537,797226012,Withdraw,4576300,11614674,7038374,Dodoma,1
TXN00005,3/20/2026 9:26,710872248,731429110,Lipa Bill,3550146,9258602,5708456,Mwanza,0
TXN00006,11/5/2026 13:31,755176955,723718431,Send Money,783008,7157130,6374122,Arusha,0
TXN00007,2/15/2026 10:44,756164955,791030736,Buy Airtime,2223961,2952938,728977,Mbeya,0
TXN00008,5/12/2026 16:00,760806024,720576383,Bank Transfer,4635852,9554567,4918715,Tanga,0
TXN00009,3/26/2026 18:09,719335534,716150444,Send Money,1916749,6771873,4855124,Tanga,0
TXN00010,5/15/2026 18:41,723556182,761019678,Lipa Bill,2336811,9943773,7606962,Mwanza,0
TXN00011,3/4/2026 7:25,757683626,738119557,Bank Transfer,2244572,3442507,1197935,Morogoro,0
TXN00012,9/8/2026 13:15,742857966,731931511,Lipa Bill,3882719,10248924,6366205,Morogoro,0
TXN00013,1/12/2026 16:29,784752529,739476249,Withdraw,2725280,3663763,938483,Tanga,0
TXN00014,4/25/2026 13:41,763843426,745935572,Bank Transfer,560230,4099934,3539704,Morogoro,0
TXN00015,4/7/2026 10:33,738538251,797971488,Buy Airtime,4192855,10830456,6637601,Mwanza,1
TXN00016,5/26/2026 10:00,785345555,782340307,Buy Airtime,2209036,12016761,9807725,Mbeya,0
TXN00017,10/3/2026 4:07,758586340,739436733,Buy Airtime,1165410,9713842,8548432,Dar es Salaam,0
TXN00018,1/24/2026 3:06,716323852,724716857,Buy Airtime,1287125,3971177,2684052,Mbeya,0
TXN00019,11/10/2026 9:36,761642594,761220073,Lipa Bill,3931287,12808352,8877065,Mbeya,0
TXN00020,4/17/2026 20:38,711540956,725374874,Lipa Bill,4509433,8986016,4476583,Dar es Salaam,1
TXN00021,11/29/2026 6:39,770897765,710435578,Withdraw,2214467,10612908,8398441,Mbeya,1
TXN00022,10/5/2026 14:55,793926371,750056581,Withdraw,4263584,7600758,3337174,Arusha,1
TXN00023,12/5/2026 6:35,781182864,710076758,Send Money,2724218,10921661,8197443,Dar es Salaam,0
TXN00024,12/11/2026 18:34,758718453,751273847,Withdraw,2013671,2985494,971823,Mbeya,1
TXN00025,6/23/2026 1:04,775228535,719289546,Withdraw,4473663,6583574,2109911,Morogoro,0
TXN00026,10/2/2026 23:36,732162965,745575298,Withdraw,4431448,11530524,7099076,Mbeya,0
TXN00027,6/14/2026 9:08,736998038,751837852,Buy Airtime,3351989,9616945,6264956,Mbeya,0
TXN00028,8/3/2026 4:43,726240908,743273328,Lipa Bill,1889897,2964073,1074176,Dar es Salaam,0
TXN00029,9/15/2026 17:12,784346088,740885476,Send Money,4941193,8635827,3694634,Dar es Salaam,0
TXN00030,3/28/2026 15:42,740728046,719046318,Send Money,268510,5812180,5543670,Mbeya,0
TXN00031,9/21/2026 8:45,747376585,799788677,Bank Transfer,4076951,7671248,3594297,Mwanza,0
TXN00032,5/29/2026 4:56,786644106,787337818,Buy Airtime,3970051,8046868,4076817,Tanga,0
TXN00033,5/30/2026 16:15,735556386,722660194,Lipa Bill,818114,8049952,7231838,Dodoma,0
TXN00034,5/4/2026 12:52,772682989,717270733,Buy Airtime,830588,1847499,1016911,Morogoro,0
TXN00035,2/21/2026 0:55,724665841,743374088,Bank Transfer,1612174,4803349,3191175,Dodoma,0
TXN00036,12/3/2026 3:37,766623995,734627347,Withdraw,2341606,10103217,7761611,Tanga,1
TXN00037,12/4/2026 6:43,783863413,723141087,Send Money,429365,9498925,9069560,Dar es Salaam,0
TXN00038,11/11/2026 19:25,741726318,732321899,Buy Airtime,3414248,11561954,8147706,Mwanza,0
TXN00039,4/7/2026 13:22,763826716,717869910,Send Money,1386076,7744189,6358113,Dodoma,0
TXN00040,3/11/2026 3:21,771070189,748285503,Buy Airtime,3553443,12877688,9324245,Mwanza,0
TXN00041,9/30/2026 7:54,749823450,739219319,Bank Transfer,495593,10212625,9717032,Dar es Salaam,0
TXN00042,12/1/2026 17:43,752091325,717672593,Buy Airtime,425624,10226497,9800873,Mbeya,0
TXN00043,3/9/2026 15:45,781286543,731130263,Send Money,482140,9002088,8519948,Tanga,0
TXN00044,12/9/2026 19:47,719196777,789864260,Buy Airtime,575097,4521163,3946066,Dar es Salaam,0
TXN00045,1/30/2026 20:22,786460539,743046464,Send Money,4861325,14835701,9974376,Mbeya,1
TXN00046,9/1/2026 20:09,788339168,785863473,Lipa Bill,4390419,9698224,5307805,Mwanza,0
TXN00047,4/26/2026 2:47,742035886,745650176,Lipa Bill,3325092,5520865,2195773,Dodoma,0
TXN00048,7/15/2026 17:55,719736572,711250299,Send Money,3849377,13294842,9445465,Dar es Salaam,0
TXN00049,11/17/2026 3:10,738609087,777898694,Lipa Bill,2229662,4451914,2222252,Dar es Salaam,0
TXN00050,7/17/2026 18:42,742787299,759597086,Buy Airtime,2395647,5042199,2646552,Tanga,0
TXN00051,12/6/2026 5:48,750603163,792097999,Bank Transfer,4442076,4573325,131249,Arusha,0
TXN00052,4/10/2026 3:48,728024248,745496015,Bank Transfer,973285,2769050,1795765,Mwanza,0
TXN00053,8/19/2026 22:03,747816686,791178885,Withdraw,1771889,7524465,5752576,Morogoro,0
TXN00054,8/19/2026 22:27,745431319,777834855,Send Money,4103102,8316217,4213115,Dar es Salaam,1
TXN00055,4/6/2026 9:00,747135391,715917225,Withdraw,34743,5630893,5596150,Morogoro,0
TXN00056,2/10/2026 17:34,731687165,769302158,Bank Transfer,4632830,11808225,7175395,Dar es Salaam,1
TXN00057,2/23/2026 22:03,730005727,783227889,Bank Transfer,307225,6501641,6194416,Mbeya,0
TXN00058,11/10/2026 8:56,767684996,727105448,Lipa Bill,355885,5527601,5171716,Tanga,0
TXN00059,10/12/2026 0:45,715354599,758024342,Send Money,1767249,5953663,4186414,Arusha,0
TXN00060,10/23/2026 4:37,785146293,764543049,Withdraw,1301487,5273280,3971793,Tanga,0
TXN00061,12/5/2026 21:35,733763566,765337219,Lipa Bill,212923,3222095,3009172,Tanga,0
TXN00062,9/13/2026 7:51,765259205,799913412,Withdraw,2086777,6563034,4476257,Tanga,1
TXN00063,4/22/2026 2:47,715197528,773174945,Buy Airtime,1870909,5219185,3348276,Arusha,0
TXN00064,4/12/2026 10:28,740547349,739920292,Buy Airtime,203511,3443691,3240180,Arusha,0
TXN00065,11/4/2026 4:01,719317495,747463522,Buy Airtime,2950627,11497036,8546409,Morogoro,0
TXN00066,7/31/2026 9:16,781969657,754446182,Lipa Bill,236530,2171643,1935113,Mwanza,0
TXN00067,10/14/2026 7:54,745630292,715134794,Lipa Bill,914346,8205116,7290770,Morogoro,0
TXN00068,3/11/2026 4:56,752101056,768571795,Buy Airtime,4295127,6235341,1940214,Mbeya,1
TXN00069,6/7/2026 0:44,768526649,710226999,Withdraw,4366407,13400132,9033725,Arusha,1
TXN00070,4/23/2026 14:34,799152472,754318698,Lipa Bill,2638315,4729180,2090865,Mbeya,0
TXN00071,2/16/2026 8:15,799508850,764813568,Lipa Bill,2741220,9492378,6751158,Mbeya,0
TXN00072,4/20/2026 13:44,735748341,766431351,Bank Transfer,3185501,6105195,2919694,Mbeya,0
TXN00073,7/31/2026 3:59,710054484,750785405,Buy Airtime,2411806,5938086,3526280,Tanga,0
TXN00074,9/3/2026 23:43,791424737,797873101,Buy Airtime,2708222,10509429,7801207,Dodoma,0
TXN00075,7/7/2026 16:05,738682516,778608612,Send Money,3974373,6821322,2846949,Arusha,0
TXN00076,4/24/2026 0:29,799100953,794951883,Withdraw,2816762,4383539,1566777,Morogoro,1
TXN00077,8/11/2026 13:23,736726767,729777514,Withdraw,209895,985232,775337,Dodoma,0
TXN00078,9/11/2026 12:50,719774839,771124923,Withdraw,3481583,13139738,9658155,Morogoro,0
TXN00079,6/4/2026 18:59,763640499,742747037,Send Money,1242918,1335944,93026,Tanga,0
TXN00080,4/1/2026 17:31,739372360,733607110,Send Money,4349944,12143797,7793853,Mbeya,0
TXN00081,8/5/2026 19:08,726288475,771265269,Bank Transfer,1123529,8918948,7795419,Mbeya,0
TXN00082,11/23/2026 15:55,752587010,769401199,Bank Transfer,4239386,11398907,7159521,Dodoma,1
TXN00083,10/11/2026 3:25,773709724,770407340,Lipa Bill,2179256,6327250,4147994,Tanga,0
TXN00084,9/17/2026 19:03,779967676,775041510,Buy Airtime,2011939,6618919,4606980,Dar es Salaam,0
TXN00085,1/30/2026 8:05,748349783,741473195,Lipa Bill,2284311,7918897,5634586,Mbeya,0
TXN00086,3/19/2026 21:32,728572252,730244148,Withdraw,1944961,8371226,6426265,Morogoro,0
TXN00087,6/1/2026 9:05,718620650,765682626,Bank Transfer,3424191,8975459,5551268,Dodoma,1
TXN00088,6/23/2026 15:54,766390708,762274692,Bank Transfer,4904613,5232304,327691,Dodoma,1
TXN00089,9/25/2026 11:19,757212267,750079111,Bank Transfer,3276445,10306455,7030010,Morogoro,0
TXN00090,6/26/2026 19:36,790967191,739600202,Lipa Bill,4100565,7781849,3681284,Dodoma,1
TXN00091,8/15/2026 13:21,755114543,799774697,Buy Airtime,3396654,6165645,2768991,Mwanza,0
TXN00092,1/10/2026 20:49,781688860,713619375,Bank Transfer,3310281,13240593,9930312,Morogoro,1
TXN00093,5/19/2026 0:39,767527432,728213276,Send Money,3878007,6926914,3048907,Arusha,0
TXN00094,11/17/2026 6:24,753936531,738408562,Lipa Bill,3819294,9302856,5483562,Tanga,0
TXN00095,1/8/2026 1:22,760885459,747346970,Send Money,3541342,7773755,4232413,Dodoma,0
TXN00096,8/26/2026 7:07,782399599,716990811,Send Money,2940680,6702503,3761823,Tanga,0
TXN00097,2/25/2026 11:32,715403355,714164775,Send Money,2079362,5424079,3344717,Mbeya,0
TXN00098,6/19/2026 7:31,742016960,726941092,Bank Transfer,3977518,5896654,1919136,Mwanza,0
TXN00099,7/30/2026 16:37,759512272,732520277,Lipa Bill,965771,3713305,2747534,Dar es Salaam,0
TXN00100,3/14/2026 5:01,713446499,751870192,Buy Airtime,4835133,11131738,6296605,Morogoro,1
TXN00101,2/14/2026 1:47,794187049,742594692,Bank Transfer,859810,5919527,5059717,Tanga,0
TXN00102,5/15/2026 22:05,785958181,715512205,Buy Airtime,2917556,11855538,8937982,Morogoro,0
TXN00103,6/28/2026 11:26,719255216,777908907,Buy Airtime,2867454,3079721,212267,Tanga,0
TXN00104,3/6/2026 3:06,724165187,768186525,Withdraw,3043253,10756399,7713146,Dodoma,0
TXN00105,10/28/2026 15:22,797302916,746249845,Buy Airtime,4519521,12631263,8111742,Dodoma,0
TXN00106,3/30/2026 18:54,746023439,753258988,Lipa Bill,2064362,3518324,1453962,Dodoma,0
TXN00107,11/6/2026 19:44,772372114,786483924,Send Money,3184192,8827990,5643798,Dodoma,0
TXN00108,4/5/2026 1:31,753622663,734406132,Lipa Bill,4094865,7653645,3558780,Tanga,1
TXN00109,2/1/2026 4:05,790014570,747080140,Bank Transfer,4667313,4837620,170307,Mwanza,1
TXN00110,9/17/2026 4:10,764549859,775575808,Buy Airtime,4662155,8694121,4031966,Morogoro,1
TXN00111,3/30/2026 14:01,712314351,722489409,Buy Airtime,2473226,6190996,3717770,Morogoro,0
TXN00112,7/13/2026 7:15,751098277,799115205,Buy Airtime,4883441,11074576,6191135,Mbeya,1
TXN00113,4/2/2026 12:47,783871890,754398056,Lipa Bill,2956200,10568782,7612582,Arusha,0
TXN00114,7/15/2026 2:27,740942292,726194158,Send Money,1620514,6914530,5294016,Morogoro,0
TXN00115,8/3/2026 15:53,734850391,735708194,Lipa Bill,1820165,9943669,8123504,Morogoro,0
TXN00116,3/24/2026 19:46,780415568,790099897,Withdraw,2378965,4065513,1686548,Arusha,0
TXN00117,1/20/2026 20:27,750569669,711898961,Lipa Bill,4485649,6609358,2123709,Dar es Salaam,0
TXN00118,4/14/2026 12:35,726948946,795613415,Send Money,4122788,5843923,1721135,Mbeya,1
TXN00119,6/23/2026 22:27,769118721,755728776,Lipa Bill,1551554,2413512,861958,Tanga,0
TXN00120,8/18/2026 4:10,725312516,718770247,Send Money,3366377,11616515,8250138,Mbeya,0
TXN00121,4/1/2026 8:43,717195288,730364454,Lipa Bill,1256560,10699441,9442881,Dar es Salaam,0
TXN00122,6/14/2026 0:39,725898299,784903294,Bank Transfer,3496120,7282521,3786401,Dodoma,0
TXN00123,1/22/2026 22:18,749910061,788990506,Bank Transfer,3602285,8725715,5123430,Mbeya,0
TXN00124,3/29/2026 7:58,723318904,737888820,Send Money,1775207,6215232,4440025,Mwanza,0
TXN00125,6/14/2026 0:33,733328859,784087145,Send Money,634689,3260870,2626181,Dodoma,0
TXN00126,9/15/2026 9:28,789699989,773070585,Withdraw,2448260,2995865,547605,Arusha,1
TXN00127,10/20/2026 16:38,770939053,719553585,Bank Transfer,1963100,6401590,4438490,Morogoro,0
TXN00128,2/24/2026 5:53,736550845,767061186,Withdraw,967813,10104053,9136240,Morogoro,0
TXN00129,4/22/2026 23:57,745652586,729090631,Withdraw,604029,1604589,1000560,Tanga,0
TXN00130,9/8/2026 17:45,789865458,786397676,Send Money,2426041,9793813,7367772,Dodoma,0
TXN00131,6/9/2026 9:11,750814428,764023778,Bank Transfer,2288766,10685295,8396529,Dodoma,1
TXN00132,3/25/2026 8:22,715350023,767985905,Send Money,2708829,6909305,4200476,Dar es Salaam,0
TXN00133,10/5/2026 20:08,787201917,788802305,Bank Transfer,179025,4700669,4521644,Dar es Salaam,0
TXN00134,8/2/2026 2:41,733513701,773149551,Lipa Bill,4358384,11777762,7419378,Mwanza,1
TXN00135,4/27/2026 21:26,775998319,722246348,Buy Airtime,3947732,9785549,5837817,Arusha,0
TXN00136,6/30/2026 9:28,799943797,724039158,Buy Airtime,1354096,6887283,5533187,Morogoro,0
TXN00137,2/2/2026 1:28,748683937,798930456,Send Money,3364236,12593325,9229089,Dodoma,0
TXN00138,7/7/2026 8:36,752213778,743876400,Buy Airtime,2716817,4661658,1944841,Tanga,0
TXN00139,3/10/2026 7:07,710154493,798269682,Buy Airtime,4556604,12307280,7750676,Dar es Salaam,1
TXN00140,7/19/2026 23:09,793568503,776906611,Withdraw,3713108,4579009,865901,Arusha,1
TXN00141,8/10/2026 16:24,748658617,768802946,Send Money,4071057,6108248,2037191,Morogoro,0
TXN00142,2/3/2026 22:28,731257157,751708177,Bank Transfer,4625772,4855191,229419,Dodoma,1
TXN00143,4/17/2026 6:19,725228493,771934487,Buy Airtime,990377,3573583,2583206,Morogoro,0
TXN00144,6/16/2026 7:27,778299645,746698468,Buy Airtime,3490385,11585384,8094999,Mwanza,0
TXN00145,9/29/2026 17:12,783989546,729413516,Bank Transfer,3222752,6420663,3197911,Mbeya,0
TXN00146,10/26/2026 18:04,719369750,747077298,Bank Transfer,3485789,9187949,5702160,Arusha,1
TXN00147,7/16/2026 2:11,750071487,788777447,Withdraw,4869749,13084550,8214801,Dodoma,0
TXN00148,11/13/2026 14:41,754619335,784077101,Buy Airtime,4563621,10892155,6328534,Arusha,1
TXN00149,4/26/2026 20:16,742051937,786745380,Buy Airtime,3217592,7136119,3918527,Dar es Salaam,0
TXN00150,2/15/2026 23:09,773481797,761167978,Buy Airtime,3243663,5795566,2551903,Dar es Salaam,0
TXN00151,7/11/2026 11:49,777416376,789212676,Buy Airtime,2789973,4473811,1683838,Dar es Salaam,0
TXN00152,6/20/2026 22:28,771327848,712059919,Withdraw,1214263,8092562,6878299,Dar es Salaam,0
TXN00153,9/3/2026 12:37,745570755,755440919,Lipa Bill,3339331,4686798,1347467,Tanga,0
TXN00154,8/13/2026 19:26,781621574,761003997,Bank Transfer,2661346,10847746,8186400,Dar es Salaam,1
TXN00155,10/4/2026 20:12,794712997,748571356,Buy Airtime,1913293,3429606,1516313,Dar es Salaam,0
TXN00156,1/17/2026 17:52,795060193,723489853,Lipa Bill,3726845,6517982,2791137,Dar es Salaam,0
TXN00157,2/23/2026 0:00,753536830,717532195,Lipa Bill,2465947,8479963,6014016,Dodoma,0
TXN00158,3/5/2026 17:46,742775624,781291936,Withdraw,3461540,12956237,9494697,Mwanza,1
TXN00159,3/26/2026 12:53,761344226,793176117,Bank Transfer,2025226,10374696,8349470,Mwanza,0
TXN00160,9/4/2026 17:03,744088261,771682508,Buy Airtime,2146835,2304497,157662,Arusha,0
TXN00161,4/19/2026 22:02,783363160,731203129,Lipa Bill,624598,8035593,7410995,Mbeya,0
TXN00162,5/21/2026 1:30,795756900,766949781,Lipa Bill,2102975,9767408,7664433,Mwanza,0
TXN00163,7/29/2026 6:46,774855088,724314759,Bank Transfer,1994825,8393056,6398231,Arusha,0
TXN00164,7/26/2026 1:09,749711319,749625201,Lipa Bill,189042,6829560,6640518,Dar es Salaam,0
TXN00165,10/19/2026 23:23,716582607,791390501,Withdraw,4171850,8973391,4801541,Mbeya,0
TXN00166,8/24/2026 7:48,795445405,735519083,Send Money,2107409,4402183,2294774,Morogoro,0
TXN00167,9/24/2026 15:27,715291208,751464269,Bank Transfer,3702892,4262655,559763,Arusha,1
TXN00168,10/14/2026 8:39,749609054,753851498,Withdraw,3490492,6437243,2946751,Mwanza,0
TXN00169,11/29/2026 19:04,759104566,781249799,Withdraw,4214359,8786609,4572250,Arusha,0
TXN00170,2/21/2026 5:57,774672520,749613214,Buy Airtime,2846349,4778576,1932227,Dar es Salaam,0
TXN00171,5/24/2026 15:50,740281491,763339667,Send Money,4680077,10816764,6136687,Tanga,1
TXN00172,5/19/2026 17:27,782017516,726587799,Lipa Bill,3820021,10003862,6183841,Mbeya,0
TXN00173,8/14/2026 13:40,795704631,759858348,Buy Airtime,913872,4836752,3922880,Dar es Salaam,0
TXN00174,4/21/2026 0:34,785350823,754024257,Buy Airtime,1861962,2922567,1060605,Morogoro,0
TXN00175,4/21/2026 19:34,797139443,764800542,Send Money,983748,3328817,2345069,Dar es Salaam,0
TXN00176,5/22/2026 12:02,776118957,725585427,Bank Transfer,820305,4759595,3939290,Mwanza,0
TXN00177,9/22/2026 13:07,770887034,759796322,Bank Transfer,4536463,11568243,7031780,Morogoro,1
TXN00178,12/8/2026 21:34,765684858,797902129,Bank Transfer,835653,9045533,8209880,Dodoma,0
TXN00179,12/13/2026 2:04,747546086,714391105,Buy Airtime,3113230,6758410,3645180,Dodoma,0
TXN00180,5/11/2026 14:08,741690501,758678896,Bank Transfer,838446,7001303,6162857,Morogoro,0
TXN00181,10/28/2026 1:53,718126895,763437398,Send Money,2319261,5503720,3184459,Tanga,0
TXN00182,5/2/2026 10:14,771031132,722304198,Send Money,1784272,2142590,358318,Tanga,0
TXN00183,10/6/2026 14:02,742691263,726901217,Send Money,4741023,8183801,3442778,Tanga,0
TXN00184,11/24/2026 20:57,788703005,738984499,Withdraw,1959534,7471848,5512314,Tanga,0
TXN00185,4/2/2026 6:14,789991301,710380581,Withdraw,2330949,4758410,2427461,Mbeya,0
TXN00186,10/15/2026 14:59,724754064,798725654,Send Money,221259,2432550,2211291,Arusha,0
TXN00187,1/20/2026 1:52,741934639,789034501,Withdraw,2720991,2985753,264762,Arusha,1
TXN00188,10/11/2026 6:24,766500369,780610004,Buy Airtime,958359,2024685,1066326,Dodoma,0
TXN00189,3/22/2026 15:55,758592048,778885632,Buy Airtime,4985031,6814653,1829622,Mbeya,0
TXN00190,1/12/2026 8:11,715820356,798436473,Buy Airtime,4379249,9439766,5060517,Morogoro,1
TXN00191,11/28/2026 5:05,774287863,763904155,Buy Airtime,3580842,5392140,1811298,Morogoro,0
TXN00192,1/24/2026 21:56,769533928,719863756,Bank Transfer,682719,6086858,5404139,Mwanza,0
TXN00193,8/6/2026 12:05,726937148,746912022,Lipa Bill,4915394,14115288,9199894,Dodoma,1
TXN00194,8/27/2026 8:58,770896652,777853916,Send Money,3613773,5277711,1663938,Tanga,0
TXN00195,5/31/2026 15:57,797364555,783998961,Buy Airtime,1808744,9024120,7215376,Mwanza,0
TXN00196,6/5/2026 9:07,755490631,770867592,Send Money,3349791,10328939,6979148,Arusha,0
TXN00197,12/3/2026 1:09,751946203,799269266,Withdraw,2143170,8422899,6279729,Morogoro,0
TXN00198,9/26/2026 23:41,722243983,721457410,Send Money,787070,8032755,7245685,Morogoro,0
TXN00199,7/24/2026 12:03,760015814,727463800,Bank Transfer,4672176,5678489,1006313,Mbeya,1
TXN00200,8/7/2026 14:27,726405605,765137801,Send Money,2971195,10066897,7095702,Arusha,0
TXN00201,2/26/2026 8:03,751936181,757197152,Bank Transfer,874064,10569927,9695863,Mwanza,0
TXN00202,7/22/2026 12:43,798145654,774718365,Lipa Bill,1886102,3701705,1815603,Tanga,0
TXN00203,6/6/2026 5:38,759333209,725419645,Withdraw,2341799,11973598,9631799,Tanga,0
TXN00204,10/29/2026 23:56,793446356,792352411,Bank Transfer,4675271,5115737,440466,Morogoro,0
TXN00205,1/3/2026 5:21,713886030,734215035,Lipa Bill,2297358,7481260,5183902,Arusha,0
TXN00206,9/27/2026 18:41,734347841,729226889,Send Money,4755645,11479690,6724045,Mwanza,0
TXN00207,6/15/2026 4:01,714114726,722315507,Buy Airtime,4455011,8064341,3609330,Dodoma,1
TXN00208,11/18/2026 14:45,759667685,751827259,Bank Transfer,2726120,12248759,9522639,Dar es Salaam,1
TXN00209,8/30/2026 0:06,731127198,792924837,Lipa Bill,422438,1791148,1368710,Dodoma,0
TXN00210,10/2/2026 20:47,766910299,775184410,Lipa Bill,3713135,10661985,6948850,Mwanza,0
TXN00211,9/4/2026 22:21,778765957,725276327,Send Money,2900519,10113272,7212753,Arusha,0
TXN00212,5/24/2026 21:51,789609131,775314742,Send Money,4425243,9599661,5174418,Mwanza,0
TXN00213,2/19/2026 23:10,717352710,711031743,Withdraw,1719825,6776802,5056977,Tanga,0
TXN00214,9/29/2026 23:30,744295247,748848936,Send Money,2757489,4770492,2013003,Dodoma,0
TXN00215,3/25/2026 18:44,767801537,733581357,Bank Transfer,1088688,7467510,6378822,Morogoro,0
TXN00216,9/28/2026 4:03,777144075,784990607,Buy Airtime,2975969,4185195,1209226,Tanga,0
TXN00217,4/24/2026 23:33,715677713,768548403,Send Money,162215,7875611,7713396,Tanga,0
TXN00218,2/11/2026 22:24,787277086,767617561,Buy Airtime,4815025,11600115,6785090,Arusha,1
TXN00219,11/4/2026 11:13,753589647,733068427,Send Money,3864572,9935452,6070880,Dodoma,0
TXN00220,1/29/2026 15:13,724208709,742657384,Buy Airtime,3659719,13539339,9879620,Mbeya,0
TXN00221,3/3/2026 5:09,763118906,751644346,Lipa Bill,2853043,6570405,3717362,Tanga,0
TXN00222,11/26/2026 20:04,720251466,778515906,Bank Transfer,961524,9863595,8902071,Mwanza,0
TXN00223,4/4/2026 4:41,756892354,757123808,Send Money,1243912,5207845,3963933,Mwanza,0
TXN00224,8/17/2026 15:06,736477373,733286644,Withdraw,1287364,2551582,1264218,Tanga,0
TXN00225,12/3/2026 11:22,776319264,772270726,Buy Airtime,4733955,14455816,9721861,Morogoro,0
TXN00226,1/25/2026 20:41,796300902,795268296,Withdraw,2716267,8020197,5303930,Dodoma,0
TXN00227,7/4/2026 17:10,794743076,750643870,Send Money,2309129,12231506,9922377,Arusha,0
TXN00228,5/15/2026 6:04,719957701,751662236,Send Money,3878376,11460232,7581856,Dar es Salaam,0
TXN00229,6/18/2026 11:14,748530827,720298660,Bank Transfer,762461,10729466,9967005,Dodoma,0
TXN00230,3/10/2026 12:51,787890494,784399083,Bank Transfer,349123,7894402,7545279,Morogoro,0
TXN00231,6/14/2026 0:43,753154591,791202508,Withdraw,3994865,12406412,8411547,Dar es Salaam,1
TXN00232,9/15/2026 15:17,756095437,721318464,Send Money,4237463,7132521,2895058,Mwanza,1
TXN00233,12/1/2026 5:03,768978194,780339290,Lipa Bill,4390128,7053447,2663319,Arusha,1
TXN00234,2/4/2026 9:48,764864099,755414869,Send Money,444273,6058757,5614484,Arusha,0
TXN00235,2/24/2026 17:58,784888554,761883769,Bank Transfer,2388597,6616384,4227787,Tanga,1
TXN00236,9/12/2026 7:24,788213973,799068509,Lipa Bill,1191387,7060405,5869018,Morogoro,0
TXN00237,7/23/2026 11:56,798870276,762607710,Send Money,1086724,11069859,9983135,Arusha,0
TXN00238,8/24/2026 5:03,760557040,796368203,Bank Transfer,2760461,4904484,2144023,Dar es Salaam,0
TXN00239,12/13/2026 7:26,778248169,758563745,Lipa Bill,157928,6241307,6083379,Mwanza,0
TXN00240,2/26/2026 9:55,738748452,755866538,Withdraw,4084136,7305449,3221313,Mwanza,1
TXN00241,5/3/2026 14:41,723574883,778140959,Send Money,4532925,13366659,8833734,Morogoro,0
TXN00242,10/30/2026 16:24,792950779,727589104,Withdraw,3165155,5753086,2587931,Mwanza,0
TXN00243,9/4/2026 6:08,793851247,732218290,Buy Airtime,3676470,4409507,733037,Arusha,0
TXN00244,3/29/2026 1:53,741880763,769619341,Withdraw,2395148,9926909,7531761,Mbeya,1
TXN00245,10/8/2026 3:27,772950208,736040410,Buy Airtime,3090673,12660722,9570049,Dodoma,0
TXN00246,10/25/2026 10:06,747818761,761254050,Buy Airtime,4223687,13072993,8849306,Mwanza,1
TXN00247,5/16/2026 3:42,791156554,728575536,Buy Airtime,2102178,2977609,875431,Tanga,0
TXN00248,10/5/2026 20:12,784429198,723769360,Lipa Bill,4332761,6424506,2091745,Dar es Salaam,1
TXN00249,10/25/2026 8:27,770306604,778901038,Send Money,1241050,8580621,7339571,Mwanza,0
TXN00250,7/2/2026 18:36,770549373,756920514,Send Money,228725,7189540,6960815,Dodoma,0
TXN00251,1/11/2026 6:18,760192261,741645597,Lipa Bill,3244396,4613508,1369112,Mwanza,0
TXN00252,4/15/2026 10:47,752773159,723298711,Withdraw,2817619,5267919,2450300,Dar es Salaam,0
TXN00253,11/26/2026 19:30,773411827,728628439,Bank Transfer,3940180,11466463,7526283,Dar es Salaam,1
TXN00254,6/4/2026 2:27,744349528,738944689,Bank Transfer,1259261,10466668,9207407,Mbeya,0
TXN00255,3/28/2026 19:30,724923247,748668339,Send Money,1998470,7050948,5052478,Dar es Salaam,0
TXN00256,11/26/2026 13:17,766348030,795758649,Send Money,3839546,4893275,1053729,Tanga,0
TXN00257,3/30/2026 2:05,777085942,790092958,Bank Transfer,4501745,4777484,275739,Mbeya,0
TXN00258,6/1/2026 16:01,749093864,767611469,Withdraw,18122,5937392,5919270,Mbeya,0
TXN00259,12/14/2026 2:58,735140847,799170406,Lipa Bill,723181,9505794,8782613,Dar es Salaam,0
TXN00260,5/23/2026 3:50,780606503,783025444,Bank Transfer,4260773,12777266,8516493,Dar es Salaam,0
TXN00261,1/6/2026 21:55,715843091,795318289,Lipa Bill,3250395,9513369,6262974,Morogoro,0
TXN00262,7/31/2026 20:44,757928328,719067690,Send Money,2897412,6942833,4045421,Tanga,0
TXN00263,10/24/2026 4:32,754629892,727905932,Bank Transfer,376914,6287511,5910597,Arusha,0
TXN00264,2/19/2026 2:21,796274567,733500064,Withdraw,3902539,11930959,8028420,Tanga,1
TXN00265,3/14/2026 14:59,771428713,714963880,Send Money,2466574,5848709,3382135,Tanga,0
TXN00266,7/17/2026 17:04,715624520,752358553,Buy Airtime,2606105,11252806,8646701,Tanga,0
TXN00267,11/10/2026 21:28,773538641,743999198,Lipa Bill,312197,3518380,3206183,Arusha,0
TXN00268,5/14/2026 23:48,716416148,798010774,Send Money,2789386,7373200,4583814,Tanga,0
TXN00269,6/30/2026 15:53,768646621,763690013,Lipa Bill,3693778,10180600,6486822,Mwanza,0
TXN00270,6/4/2026 13:20,776776459,759304469,Send Money,4361001,8835831,4474830,Morogoro,1
TXN00271,1/30/2026 3:39,790859912,734220459,Lipa Bill,4580770,9509352,4928582,Dar es Salaam,1
TXN00272,6/11/2026 14:55,749680122,751137177,Withdraw,3745612,10894653,7149041,Morogoro,0
TXN00273,9/2/2026 8:53,715684813,757319709,Send Money,3653545,8259819,4606274,Dar es Salaam,0
TXN00274,2/21/2026 23:37,795565484,764520614,Withdraw,3052674,11660828,8608154,Dar es Salaam,0
TXN00275,8/23/2026 21:31,768810561,714670638,Withdraw,1063894,2191882,1127988,Tanga,0
TXN00276,2/25/2026 20:45,759167775,758607028,Send Money,3216615,12733400,9516785,Mbeya,0
TXN00277,2/20/2026 3:11,770387584,759790013,Send Money,3125674,10573739,7448065,Mbeya,0
TXN00278,2/11/2026 7:19,781062902,759251188,Lipa Bill,3343951,8618463,5274512,Mwanza,0
TXN00279,2/12/2026 21:00,713478029,734970946,Buy Airtime,4191284,12877608,8686324,Mbeya,1
TXN00280,2/14/2026 15:37,744935501,769897763,Buy Airtime,1804947,6596131,4791184,Mwanza,0
TXN00281,10/23/2026 2:22,728217159,719939096,Buy Airtime,3797008,6693701,2896693,Dar es Salaam,0
TXN00282,4/16/2026 17:13,752894344,799635939,Bank Transfer,2919414,4008910,1089496,Mbeya,0
TXN00283,2/14/2026 4:28,731139996,795590648,Bank Transfer,1465381,7530213,6064832,Mwanza,0
TXN00284,7/21/2026 17:06,736975128,728639738,Send Money,1990887,10279199,8288312,Arusha,0
TXN00285,11/18/2026 22:39,786809773,759514418,Withdraw,3925884,13180983,9255099,Mbeya,1
TXN00286,5/30/2026 1:41,751512297,763440127,Buy Airtime,4020333,12840042,8819709,Tanga,0
TXN00287,9/5/2026 14:52,719898653,726821075,Buy Airtime,2664420,3908702,1244282,Dodoma,0
TXN00288,10/7/2026 12:58,779438885,756239991,Bank Transfer,1081548,10330884,9249336,Mwanza,0
TXN00289,2/25/2026 17:04,727318510,768065043,Send Money,4223327,5153000,929673,Mbeya,1
TXN00290,11/4/2026 23:52,731738837,753306792,Bank Transfer,1896381,7701684,5805303,Arusha,0
TXN00291,8/16/2026 13:31,720584397,743635675,Lipa Bill,1651699,10893284,9241585,Mwanza,0
TXN00292,3/3/2026 9:33,750644430,792467167,Bank Transfer,4480138,6047606,1567468,Morogoro,0
TXN00293,10/28/2026 11:01,787933054,730695604,Bank Transfer,1441134,7105450,5664316,Dar es Salaam,0
TXN00294,3/18/2026 18:04,713808225,720901547,Lipa Bill,386361,10062976,9676615,Morogoro,0
TXN00295,8/22/2026 17:04,786790955,765913331,Bank Transfer,259056,8614748,8355692,Arusha,0
TXN00296,1/27/2026 13:38,750546385,774819756,Lipa Bill,2059184,8872286,6813102,Dodoma,0
TXN00297,3/16/2026 6:46,718041391,731217198,Buy Airtime,3692678,10665653,6972975,Dodoma,0
TXN00298,11/10/2026 9:35,755659873,791424562,Lipa Bill,1210180,6454444,5244264,Morogoro,0
TXN00299,2/8/2026 15:50,756354851,763514837,Bank Transfer,1101945,7318577,6216632,Mbeya,0
TXN00300,4/1/2026 6:20,752831009,742445506,Lipa Bill,3918055,5973631,2055576,Dodoma,0
TXN00301,8/13/2026 1:15,728908276,722993840,Buy Airtime,429507,5298456,4868949,Tanga,0
TXN00302,4/24/2026 20:32,766121095,743322272,Bank Transfer,1344657,6838118,5493461,Morogoro,0
TXN00303,11/17/2026 1:28,735479101,731386576,Buy Airtime,4184754,12820403,8635649,Dodoma,1
TXN00304,3/20/2026 7:57,713110670,722086184,Buy Airtime,3303754,11783704,8479950,Mwanza,0
TXN00305,8/6/2026 13:11,788295121,757364777,Lipa Bill,413174,1261101,847927,Dodoma,0
TXN00306,2/9/2026 3:19,797813295,773161098,Send Money,2402031,11406207,9004176,Tanga,0
TXN00307,1/17/2026 11:20,767838146,727976443,Buy Airtime,2223559,8360289,6136730,Arusha,0
TXN00308,7/21/2026 10:08,763765155,716866268,Withdraw,4788869,14214591,9425722,Arusha,1
TXN00309,8/15/2026 21:58,761854861,777680031,Lipa Bill,3782846,13007917,9225071,Tanga,0
TXN00310,10/17/2026 9:55,792012822,725946545,Buy Airtime,1084306,2706352,1622046,Arusha,0
TXN00311,7/5/2026 8:46,755511258,784870921,Withdraw,3071928,5492332,2420404,Mbeya,0
TXN00312,6/22/2026 11:38,715402922,716080513,Lipa Bill,331434,2630522,2299088,Tanga,0
TXN00313,12/6/2026 2:25,779703656,771335966,Withdraw,1254404,9903155,8648751,Arusha,0
TXN00314,11/3/2026 18:46,792284610,752752377,Bank Transfer,1368165,7960848,6592683,Morogoro,0
TXN00315,6/28/2026 8:20,750162553,789688374,Bank Transfer,2826705,11338038,8511333,Mbeya,0
TXN00316,2/9/2026 21:44,750237208,773739005,Lipa Bill,144560,6324578,6180018,Morogoro,0
TXN00317,4/7/2026 16:14,765907088,788343175,Bank Transfer,2585988,3033053,447065,Dodoma,0
TXN00318,3/4/2026 1:57,787641510,787528776,Bank Transfer,1913770,2775366,861596,Dodoma,0
TXN00319,7/28/2026 11:11,780361272,794426338,Withdraw,3194267,5673531,2479264,Dar es Salaam,0
TXN00320,2/25/2026 3:13,724749927,735606639,Lipa Bill,163858,7563257,7399399,Dodoma,0
TXN00321,11/14/2026 18:47,765426567,737365878,Bank Transfer,3447495,11866629,8419134,Dodoma,0
TXN00322,8/30/2026 2:37,718359252,728533117,Bank Transfer,4356030,7834646,3478616,Arusha,0
TXN00323,7/18/2026 21:24,760576565,752111160,Bank Transfer,1457759,9169633,7711874,Arusha,0
TXN00324,4/12/2026 13:59,757551594,796343485,Withdraw,2222630,10345824,8123194,Mwanza,0
TXN00325,6/24/2026 16:35,740181142,749945150,Buy Airtime,2429342,5906886,3477544,Arusha,0
TXN00326,9/4/2026 8:24,756815569,785227370,Send Money,2298928,7127232,4828304,Mbeya,0
TXN00327,1/16/2026 7:34,782905845,760961690,Withdraw,3314578,9104976,5790398,Arusha,1
TXN00328,3/15/2026 13:41,720607151,756488123,Buy Airtime,3715919,8018334,4302415,Mwanza,0
TXN00329,8/13/2026 3:52,782286705,746390817,Withdraw,4719548,9276600,4557052,Dar es Salaam,0
TXN00330,3/26/2026 18:33,742115895,742542167,Withdraw,430851,9340248,8909397,Morogoro,0
TXN00331,9/6/2026 0:20,717045237,723448342,Buy Airtime,3472023,9013430,5541407,Dar es Salaam,0
TXN00332,12/7/2026 10:26,728450513,710695441,Buy Airtime,4621691,7271502,2649811,Morogoro,0
TXN00333,8/24/2026 3:56,773847325,774082055,Lipa Bill,1678157,6497329,4819172,Arusha,0
TXN00334,9/21/2026 6:41,717940667,722007214,Bank Transfer,4821179,8717187,3896008,Morogoro,0
TXN00335,5/25/2026 12:59,715006085,733496796,Send Money,3510473,6459718,2949245,Tanga,0
TXN00336,7/26/2026 18:55,776489301,735006323,Send Money,2433224,3061802,628578,Arusha,0
TXN00337,7/17/2026 19:25,790904160,724401654,Buy Airtime,2815536,7589688,4774152,Morogoro,0
TXN00338,3/12/2026 4:48,780372842,776291802,Buy Airtime,1130750,9590034,8459284,Arusha,0
TXN00339,3/9/2026 19:01,725119192,754383668,Lipa Bill,1368100,9067407,7699307,Morogoro,0
TXN00340,8/11/2026 10:36,711890348,755246430,Withdraw,2479842,12005630,9525788,Mwanza,0
TXN00341,9/1/2026 16:02,764423996,767405358,Send Money,4327487,9829183,5501696,Dodoma,1
TXN00342,5/20/2026 15:43,728872606,774082804,Send Money,2719567,6881106,4161539,Arusha,0
TXN00343,9/21/2026 4:38,741611127,769959826,Lipa Bill,2244710,7774904,5530194,Mbeya,0
TXN00344,9/1/2026 3:12,786890296,711534878,Withdraw,2199066,8231349,6032283,Dar es Salaam,1
TXN00345,2/12/2026 17:59,751178850,731436829,Lipa Bill,3405881,11836775,8430894,Morogoro,0
TXN00346,6/24/2026 2:25,795726382,749599276,Withdraw,3088181,6793416,3705235,Mwanza,1
TXN00347,7/15/2026 16:54,791300905,760147077,Buy Airtime,3493365,12707990,9214625,Tanga,0
TXN00348,6/12/2026 15:44,799133246,739314711,Send Money,2080890,12076997,9996107,Mbeya,0
TXN00349,10/29/2026 17:56,780890196,758557943,Send Money,660173,10125353,9465180,Dar es Salaam,0
TXN00350,3/1/2026 21:44,783504237,777845324,Bank Transfer,1700813,11309152,9608339,Mwanza,0
TXN00351,8/1/2026 7:37,754039203,779839059,Withdraw,3711427,5661610,1950183,Morogoro,0
TXN00352,6/1/2026 6:02,778501420,769791674,Withdraw,471706,8079037,7607331,Mbeya,0
TXN00353,10/21/2026 18:56,771310453,785686878,Buy Airtime,489331,9864392,9375061,Morogoro,0
TXN00354,3/21/2026 8:03,751361818,712921981,Send Money,3326458,7595541,4269083,Morogoro,0
TXN00355,1/24/2026 5:08,787619624,719801857,Lipa Bill,384918,7493380,7108462,Morogoro,0
TXN00356,5/29/2026 20:44,782633735,718087373,Send Money,583974,8504014,7920040,Arusha,0
TXN00357,11/13/2026 14:51,734156684,728176954,Buy Airtime,3531251,9813662,6282411,Dodoma,0
TXN00358,11/10/2026 5:17,760666702,760418290,Withdraw,678185,9726142,9047957,Morogoro,0
TXN00359,2/16/2026 8:46,756676884,725922674,Buy Airtime,1502145,10515846,9013701,Mbeya,0
TXN00360,9/19/2026 19:32,739888974,710466177,Buy Airtime,195717,5201417,5005700,Morogoro,0
TXN00361,6/17/2026 17:00,783074216,766925500,Withdraw,4467182,10830385,6363203,Mwanza,1
TXN00362,10/6/2026 21:52,746997080,735297417,Buy Airtime,951609,1492125,540516,Mbeya,0
TXN00363,1/13/2026 5:23,712099943,742301683,Send Money,1733737,2862691,1128954,Mbeya,0
TXN00364,6/9/2026 19:42,769920305,790233330,Send Money,413326,4519283,4105957,Dodoma,0
TXN00365,4/16/2026 7:37,741452485,782445335,Withdraw,1827586,2774559,946973,Mbeya,0
TXN00366,9/2/2026 20:40,741428626,787324220,Bank Transfer,2680158,12368577,9688419,Tanga,0
TXN00367,4/20/2026 9:49,741796721,750502136,Withdraw,1206755,9951896,8745141,Dodoma,0
TXN00368,9/5/2026 3:00,746930534,718181595,Withdraw,4675090,14601617,9926527,Morogoro,0
TXN00369,9/11/2026 12:26,776521096,716292676,Bank Transfer,2894160,9288873,6394713,Arusha,0
TXN00370,3/29/2026 17:36,730027648,750250352,Bank Transfer,3162976,6247953,3084977,Dodoma,0
TXN00371,6/1/2026 15:30,750364158,729374563,Bank Transfer,3889136,4855905,966769,Dodoma,0
TXN00372,8/24/2026 11:00,727997624,762132722,Withdraw,2042244,6320361,4278117,Arusha,1
TXN00373,4/8/2026 17:51,770369365,759805178,Withdraw,780644,9767117,8986473,Dar es Salaam,0
TXN00374,10/5/2026 7:48,760622628,791197624,Withdraw,336748,1557866,1221118,Tanga,0
TXN00375,11/27/2026 5:46,788864147,785007641,Withdraw,1825466,9868366,8042900,Tanga,0
TXN00376,2/12/2026 17:07,754689713,750693207,Withdraw,133628,3687172,3553544,Morogoro,0
TXN00377,4/28/2026 2:18,774279671,742560305,Withdraw,1720580,8374961,6654381,Mbeya,0
TXN00378,4/6/2026 5:33,747991562,761091554,Lipa Bill,3916192,12869355,8953163,Arusha,0
TXN00379,9/21/2026 0:32,758270683,778829070,Send Money,4176464,11994714,7818250,Tanga,1
TXN00380,7/24/2026 19:24,752980983,737263310,Buy Airtime,3114698,8364658,5249960,Dar es Salaam,0
TXN00381,7/30/2026 20:37,739698906,729585415,Bank Transfer,141062,4516125,4375063,Mbeya,0
TXN00382,5/19/2026 7:05,766046380,749620038,Lipa Bill,1283519,4575070,3291551,Mwanza,0
TXN00383,10/5/2026 22:20,786475853,742981324,Lipa Bill,4193444,13431692,9238248,Arusha,0
TXN00384,2/20/2026 22:58,796126771,775846624,Lipa Bill,3870713,6693205,2822492,Mwanza,0
TXN00385,1/13/2026 7:33,783356206,775540707,Send Money,1548904,10644451,9095547,Mbeya,0
TXN00386,11/3/2026 18:16,719976458,799686372,Buy Airtime,411968,519070,107102,Mwanza,0
TXN00387,7/4/2026 3:09,794651342,741062464,Send Money,575156,3109013,2533857,Mwanza,0
TXN00388,1/3/2026 9:46,771204580,760090149,Buy Airtime,512092,8618912,8106820,Dar es Salaam,0
TXN00389,9/20/2026 22:36,781432350,784040345,Send Money,3455557,3654383,198826,Mbeya,0
TXN00390,9/12/2026 1:59,746875077,781905550,Bank Transfer,2409917,2697522,287605,Tanga,0
TXN00391,3/11/2026 21:07,734060788,724363501,Withdraw,812939,9610666,8797727,Mwanza,0
TXN00392,5/25/2026 12:08,793185576,780659726,Lipa Bill,2122437,8068971,5946534,Tanga,0
TXN00393,9/11/2026 20:32,720605783,760070135,Bank Transfer,3411004,11111708,7700704,Mwanza,1
TXN00394,5/18/2026 7:45,720820219,797742922,Buy Airtime,270788,1839466,1568678,Dodoma,0
TXN00395,7/1/2026 23:49,784182331,773888323,Withdraw,475726,634273,158547,Dar es Salaam,0
TXN00396,12/1/2026 15:40,768238367,796557984,Send Money,2783899,12277397,9493498,Mbeya,0
TXN00397,1/17/2026 22:51,715711200,740838737,Buy Airtime,1778494,11287554,9509060,Arusha,0
TXN00398,12/5/2026 3:41,719978827,747631028,Send Money,4560271,14014397,9454126,Mwanza,0
TXN00399,4/19/2026 23:07,712101593,737804291,Buy Airtime,4929415,7348547,2419132,Dar es Salaam,1
TXN00400,10/3/2026 2:36,742275631,786060638,Lipa Bill,3269482,12338614,9069132,Dodoma,0
TXN00401,6/9/2026 3:20,728783850,720526386,Send Money,4205954,10008513,5802559,Dar es Salaam,1
TXN00402,4/10/2026 12:22,720202996,755713584,Send Money,3332786,8808477,5475691,Morogoro,0
TXN00403,6/7/2026 5:32,770471823,775847681,Bank Transfer,1918763,7888284,5969521,Dodoma,0
TXN00404,10/18/2026 13:30,734929311,788634827,Bank Transfer,3193281,4630989,1437708,Arusha,1
TXN00405,10/13/2026 9:44,719865900,721010955,Buy Airtime,2252912,4840310,2587398,Morogoro,0
TXN00406,2/3/2026 7:43,795080736,730706693,Lipa Bill,3273386,8586365,5312979,Dar es Salaam,0
TXN00407,2/18/2026 5:51,710697290,751374957,Lipa Bill,3735714,9774127,6038413,Dar es Salaam,0
TXN00408,7/6/2026 13:46,721716836,735151299,Bank Transfer,3620318,11150665,7530347,Mbeya,0
TXN00409,8/6/2026 17:47,713524813,722028437,Send Money,2973848,12272113,9298265,Mbeya,0
TXN00410,10/11/2026 16:29,753544301,761705758,Buy Airtime,108520,5004906,4896386,Dodoma,0
TXN00411,9/7/2026 12:22,721368176,785099723,Bank Transfer,2041271,11637174,9595903,Mwanza,0
TXN00412,1/24/2026 0:50,728634797,746093692,Buy Airtime,2531072,7034190,4503118,Mwanza,0
TXN00413,10/12/2026 23:02,732442197,768341261,Lipa Bill,2319935,9384859,7064924,Dodoma,0
TXN00414,8/13/2026 12:32,720324210,758469365,Buy Airtime,2116410,6253504,4137094,Mbeya,0
TXN00415,12/12/2026 10:56,736246038,771453148,Lipa Bill,902349,3175486,2273137,Dar es Salaam,0
TXN00416,6/6/2026 18:46,763108878,754589439,Buy Airtime,3191747,8720539,5528792,Arusha,0
TXN00417,12/11/2026 21:26,797380687,789778067,Lipa Bill,1146894,6187361,5040467,Mbeya,0
TXN00418,4/17/2026 2:42,736957830,774291599,Buy Airtime,2640560,5620818,2980258,Arusha,0
TXN00419,4/13/2026 1:18,794946730,775901885,Lipa Bill,4835825,8903029,4067204,Dodoma,0
TXN00420,7/18/2026 15:46,762738860,758991556,Withdraw,960360,10420201,9459841,Mbeya,0
TXN00421,10/18/2026 10:16,734149421,783833059,Withdraw,230788,7975523,7744735,Dodoma,0
TXN00422,4/21/2026 6:11,749101812,719282319,Withdraw,3437128,11814045,8376917,Morogoro,1
TXN00423,8/6/2026 16:49,798404247,730688754,Send Money,3554454,9879310,6324856,Dodoma,0
TXN00424,9/9/2026 20:14,774321792,788147469,Bank Transfer,3367196,12332393,8965197,Tanga,0
TXN00425,10/7/2026 23:13,714934536,758255231,Send Money,4508893,14471538,9962645,Dar es Salaam,1
TXN00426,9/4/2026 15:50,799213703,757648477,Bank Transfer,1400348,2143523,743175,Morogoro,0
TXN00427,2/5/2026 21:38,796804457,763635785,Send Money,2786634,10008479,7221845,Dar es Salaam,0
TXN00428,9/8/2026 8:54,744727276,739796480,Bank Transfer,4288862,12992844,8703982,Mbeya,0
TXN00429,7/2/2026 5:08,769831384,760213478,Bank Transfer,3286071,11054982,7768911,Morogoro,1
TXN00430,2/12/2026 6:13,713296743,774796438,Buy Airtime,882023,5838553,4956530,Dar es Salaam,0
TXN00431,3/17/2026 7:38,729015320,756751880,Buy Airtime,2621325,8377028,5755703,Tanga,0
TXN00432,9/20/2026 20:52,779942848,774817230,Send Money,2926754,10915435,7988681,Dodoma,0
TXN00433,9/16/2026 18:52,770726434,752803305,Send Money,568499,5606094,5037595,Tanga,0
TXN00434,3/30/2026 19:20,725446483,713031322,Withdraw,2882946,4717747,1834801,Morogoro,0
TXN00435,3/26/2026 9:59,784076145,731493051,Buy Airtime,2781542,12174248,9392706,Dodoma,0
TXN00436,1/11/2026 15:05,764364546,794524999,Buy Airtime,1552293,4679346,3127053,Dodoma,0
TXN00437,1/2/2026 14:53,792424037,736484437,Buy Airtime,3776308,13711828,9935520,Dodoma,0
TXN00438,10/19/2026 2:09,738829445,737619925,Bank Transfer,2339925,3389570,1049645,Dar es Salaam,0
TXN00439,4/6/2026 12:28,735093324,759095909,Buy Airtime,2739559,6045916,3306357,Dar es Salaam,0
TXN00440,8/2/2026 17:19,775697427,780828710,Bank Transfer,2634024,9154308,6520284,Dodoma,1
TXN00441,1/31/2026 20:34,757242616,771453007,Bank Transfer,1452265,6442561,4990296,Mbeya,0
TXN00442,3/8/2026 15:28,727978165,752035079,Lipa Bill,993695,4996281,4002586,Dar es Salaam,0
TXN00443,2/20/2026 4:42,760104292,728972822,Buy Airtime,4290109,10807441,6517332,Mbeya,0
TXN00444,3/2/2026 18:05,766779304,734931439,Withdraw,4087485,13103213,9015728,Mbeya,0
TXN00445,11/12/2026 3:02,728830282,735111946,Bank Transfer,2643888,10210428,7566540,Dar es Salaam,0
TXN00446,7/4/2026 0:35,711286267,775043108,Buy Airtime,1150336,4424048,3273712,Mbeya,0
TXN00447,11/2/2026 19:05,797653539,776433728,Buy Airtime,3437067,11686858,8249791,Morogoro,0
TXN00448,10/17/2026 18:30,769572772,775592138,Bank Transfer,1408023,2795005,1386982,Dar es Salaam,0
TXN00449,4/16/2026 2:26,739598969,749203644,Withdraw,279266,4890532,4611266,Mbeya,0
TXN00450,2/11/2026 5:15,732576626,771380637,Bank Transfer,4750019,13059997,8309978,Mbeya,0
TXN00451,9/19/2026 18:32,745955440,782894477,Send Money,3082459,12176437,9093978,Tanga,0
TXN00452,10/30/2026 5:16,769239219,783330295,Send Money,1838262,8971174,7132912,Morogoro,0
TXN00453,5/7/2026 21:54,797734330,743223132,Buy Airtime,2502363,3043099,540736,Arusha,0
TXN00454,9/26/2026 13:21,721674661,768930964,Withdraw,989705,4965000,3975295,Tanga,0
TXN00455,10/13/2026 18:07,788909809,757060874,Bank Transfer,3596725,6381434,2784709,Mwanza,1
TXN00456,8/6/2026 7:25,737775381,717966873,Bank Transfer,4787130,10672837,5885707,Arusha,0
TXN00457,7/7/2026 7:01,753440052,749276764,Lipa Bill,2432103,12041011,9608908,Tanga,0
TXN00458,8/27/2026 19:18,722780905,728198434,Lipa Bill,3457719,4452371,994652,Tanga,0
TXN00459,4/1/2026 3:09,727030641,727809465,Lipa Bill,2099444,4553001,2453557,Tanga,0
TXN00460,5/31/2026 19:33,762707402,775694038,Lipa Bill,1197622,10885214,9687592,Morogoro,0
TXN00461,9/30/2026 23:52,760354777,770665302,Buy Airtime,638476,2200347,1561871,Mbeya,0
TXN00462,1/1/2026 21:36,747342819,759535894,Lipa Bill,3819263,12007290,8188027,Mbeya,0
TXN00463,3/21/2026 7:25,722501261,771532017,Bank Transfer,3009990,4072502,1062512,Dodoma,0
TXN00464,7/19/2026 6:28,738434222,776399516,Lipa Bill,2257650,7674428,5416778,Arusha,0
TXN00465,10/5/2026 12:40,787568940,727528063,Lipa Bill,4754144,12896762,8142618,Morogoro,1
TXN00466,2/27/2026 12:28,723364695,794044392,Send Money,3860251,4133406,273155,Tanga,0
TXN00467,11/28/2026 2:31,769228397,771272827,Withdraw,10670,7187951,7177281,Morogoro,0
TXN00468,8/27/2026 7:52,727705074,797241147,Lipa Bill,2537231,5204430,2667199,Dar es Salaam,0
TXN00469,5/25/2026 7:17,758376818,743606680,Withdraw,696393,6934896,6238503,Dar es Salaam,0
TXN00470,2/4/2026 15:43,793967184,751004756,Send Money,1969140,9170440,7201300,Morogoro,0
TXN00471,3/24/2026 8:29,710145801,738644905,Withdraw,4004744,5312338,1307594,Mbeya,0
TXN00472,6/3/2026 18:14,769735865,711246473,Send Money,72633,5836850,5764217,Tanga,0
TXN00473,9/24/2026 1:30,727740248,774115841,Buy Airtime,599150,4440241,3841091,Dar es Salaam,0
TXN00474,5/20/2026 8:16,723747542,723851475,Lipa Bill,2633582,8800243,6166661,Mwanza,0
TXN00475,1/4/2026 2:03,727870584,796110892,Bank Transfer,1203338,2351094,1147756,Mbeya,0
TXN00476,3/19/2026 13:42,791915661,797244236,Lipa Bill,1381709,8765352,7383643,Morogoro,0
TXN00477,11/23/2026 10:32,794299475,730317091,Withdraw,3458672,10880641,7421969,Dar es Salaam,1
TXN00478,10/16/2026 0:32,726529882,789131271,Buy Airtime,3226493,9124282,5897789,Arusha,0
TXN00479,8/7/2026 19:36,728767690,743257324,Withdraw,2328373,3741831,1413458,Mbeya,0
TXN00480,8/9/2026 23:24,791549765,748241423,Withdraw,230019,5290855,5060836,Mbeya,0
TXN00481,11/23/2026 22:04,778386961,735319707,Send Money,3291245,8249617,4958372,Tanga,0
TXN00482,8/21/2026 7:38,742123815,776422705,Withdraw,3242042,5133566,1891524,Dodoma,0
TXN00483,11/10/2026 9:54,780905413,711619606,Withdraw,3034111,8343641,5309530,Dodoma,0
TXN00484,1/27/2026 13:48,766487347,759044830,Buy Airtime,4588168,7486772,2898604,Tanga,1
TXN00485,12/12/2026 9:41,719064068,711851322,Send Money,2204369,5823934,3619565,Dar es Salaam,0
TXN00486,9/13/2026 12:30,763415303,777996124,Buy Airtime,2408233,10814439,8406206,Dodoma,0
TXN00487,4/12/2026 0:33,763992760,721063273,Bank Transfer,4506031,13526391,9020360,Mwanza,1
TXN00488,5/23/2026 6:15,720606094,778626154,Bank Transfer,1709544,4316339,2606795,Arusha,0
TXN00489,12/14/2026 3:10,788710263,795133532,Buy Airtime,559613,5763393,5203780,Morogoro,0
TXN00490,6/15/2026 1:37,742029368,717772004,Buy Airtime,2055844,3502254,1446410,Dar es Salaam,0
TXN00491,1/5/2026 14:40,792181084,791716102,Withdraw,466613,5655639,5189026,Dar es Salaam,0
TXN00492,7/8/2026 7:33,728416255,711523452,Lipa Bill,1379327,9707753,8328426,Mbeya,0
TXN00493,11/19/2026 17:36,744795538,732409388,Lipa Bill,3124466,5254008,2129542,Morogoro,0
TXN00494,1/24/2026 6:07,725845304,713940129,Lipa Bill,2815276,10018147,7202871,Mbeya,0
TXN00495,5/12/2026 2:48,745292504,787396877,Buy Airtime,651510,8975484,8323974,Mbeya,0
TXN00496,4/3/2026 21:14,717440911,777056519,Lipa Bill,4760385,7560190,2799805,Mwanza,0
TXN00497,11/9/2026 15:20,787029205,725479814,Send Money,1920995,10457660,8536665,Dar es Salaam,0
TXN00498,12/2/2026 1:03,711649277,742823140,Lipa Bill,390721,8305617,7914896,Dodoma,0
TXN00499,4/28/2026 3:56,730144023,734019729,Buy Airtime,301651,9577182,9275531,Mwanza,0
TXN00500,5/16/2026 17:38,743321320,765869014,Send Money,2688810,7239763,4550953,Mbeya,0
TXN00501,7/7/2026 18:54,726025721,777382794,Withdraw,446846,3455744,3008898,Tanga,0
TXN00502,11/4/2026 14:22,716164431,763811222,Lipa Bill,583196,8386181,7802985,Tanga,0
TXN00503,5/15/2026 7:39,751701149,753929586,Buy Airtime,729654,10008987,9279333,Dar es Salaam,0
TXN00504,6/18/2026 21:51,736933626,749137230,Bank Transfer,4734553,9833305,5098752,Mwanza,0
TXN00505,12/6/2026 11:24,776217748,736229153,Withdraw,4589871,8702417,4112546,Dar es Salaam,0
TXN00506,10/4/2026 7:37,741272427,782684966,Lipa Bill,2911012,3071986,160974,Dar es Salaam,0
TXN00507,3/28/2026 17:08,798221829,760502752,Withdraw,2584586,4328561,1743975,Mbeya,0
TXN00508,11/23/2026 16:37,718038980,729109045,Send Money,2352344,3913072,1560728,Mwanza,0
TXN00509,2/4/2026 19:09,779760901,765439545,Send Money,3129689,10821338,7691649,Mbeya,0
TXN00510,1/23/2026 16:14,777837366,727919925,Bank Transfer,3313058,4568505,1255447,Mbeya,0
TXN00511,5/24/2026 1:40,727543369,741778964,Lipa Bill,2451755,6830456,4378701,Tanga,0
TXN00512,12/10/2026 12:54,753788744,752688984,Withdraw,3803008,8365670,4562662,Dar es Salaam,1
TXN00513,6/19/2026 16:27,788478184,724626086,Withdraw,1308678,3081320,1772642,Dodoma,0
TXN00514,3/17/2026 14:21,752148834,764561191,Lipa Bill,1017813,10009134,8991321,Tanga,0
TXN00515,2/27/2026 9:15,770655283,751380361,Send Money,3891832,8337927,4446095,Dar es Salaam,0
TXN00516,2/3/2026 5:01,750831043,790973889,Lipa Bill,343310,3950760,3607450,Mwanza,0
TXN00517,4/19/2026 19:18,743315361,757746984,Send Money,3328939,11943362,8614423,Morogoro,0
TXN00518,9/30/2026 8:48,744918995,733336132,Buy Airtime,265735,7050310,6784575,Mbeya,0
TXN00519,10/17/2026 0:24,783835976,743534652,Send Money,799613,8551412,7751799,Tanga,0
TXN00520,3/14/2026 3:18,728762704,726301180,Withdraw,105301,1139938,1034637,Mwanza,0
TXN00521,12/1/2026 0:36,763765180,759961172,Bank Transfer,709973,10479745,9769772,Arusha,0
TXN00522,2/16/2026 21:23,720064609,712925970,Buy Airtime,545830,3863530,3317700,Tanga,0
TXN00523,3/3/2026 3:54,722345163,754499873,Buy Airtime,1032836,1749161,716325,Dar es Salaam,0
TXN00524,9/6/2026 18:00,787025433,768137264,Send Money,3318489,11642108,8323619,Dodoma,0
TXN00525,4/12/2026 21:24,767265875,733193791,Withdraw,2974091,6576429,3602338,Arusha,0
TXN00526,11/18/2026 9:50,729948970,714650569,Buy Airtime,2066792,7017835,4951043,Dodoma,0
TXN00527,2/19/2026 23:11,783912181,774294443,Lipa Bill,516529,1988252,1471723,Dodoma,0
TXN00528,1/8/2026 2:39,766268745,736770773,Bank Transfer,4415848,8595853,4180005,Tanga,0
TXN00529,7/2/2026 21:58,758199211,774382155,Lipa Bill,4572746,12704318,8131572,Mbeya,1
TXN00530,1/11/2026 16:03,746297263,734134478,Bank Transfer,223632,5573509,5349877,Mwanza,0
TXN00531,8/1/2026 14:58,747706144,717863981,Lipa Bill,3961775,12844174,8882399,Tanga,0
TXN00532,7/14/2026 7:27,741240803,731424479,Withdraw,844987,5003338,4158351,Arusha,0
TXN00533,11/4/2026 17:39,717503932,739448924,Lipa Bill,4834255,11350903,6516648,Tanga,1
TXN00534,9/14/2026 2:51,741749355,789526622,Bank Transfer,2672613,8691995,6019382,Dar es Salaam,0
TXN00535,10/23/2026 1:23,786188876,785645982,Withdraw,1197040,10644439,9447399,Tanga,0
TXN00536,2/2/2026 20:40,776065552,782762732,Buy Airtime,2597525,5542878,2945353,Dar es Salaam,0
TXN00537,1/1/2026 5:58,717538738,741222178,Bank Transfer,1840502,2174838,334336,Dodoma,0
TXN00538,3/6/2026 14:40,754524582,792427773,Lipa Bill,1695005,3884256,2189251,Morogoro,0
TXN00539,11/30/2026 22:49,753431355,717993466,Bank Transfer,188818,2667014,2478196,Morogoro,0
TXN00540,9/14/2026 12:20,729012298,724887509,Send Money,4419881,10541716,6121835,Arusha,0
TXN00541,2/19/2026 16:19,763095937,788653825,Lipa Bill,852519,6499076,5646557,Arusha,0
TXN00542,7/24/2026 14:37,731139813,768635481,Withdraw,4091929,9415061,5323132,Morogoro,0
TXN00543,4/22/2026 17:03,792370625,757892314,Withdraw,1877649,11758592,9880943,Dodoma,0
TXN00544,11/6/2026 18:01,749529438,727092408,Bank Transfer,1495725,1525888,30163,Dodoma,0
TXN00545,8/21/2026 21:19,786166246,714346338,Bank Transfer,1532412,6871205,5338793,Mwanza,0
TXN00546,1/29/2026 7:53,785906869,723973438,Lipa Bill,4167301,6526905,2359604,Morogoro,1
TXN00547,4/7/2026 13:27,752885071,732533467,Buy Airtime,749287,6382228,5632941,Dar es Salaam,0
TXN00548,2/9/2026 8:01,738143348,743492807,Lipa Bill,573703,6453801,5880098,Tanga,0
TXN00549,11/19/2026 1:19,710171954,716462242,Buy Airtime,3242475,10594588,7352113,Mwanza,0
TXN00550,2/6/2026 22:17,765568711,776180344,Bank Transfer,3181871,9074552,5892681,Dodoma,0
TXN00551,10/18/2026 23:28,787585294,797371655,Buy Airtime,1897325,4626248,2728923,Dar es Salaam,0
TXN00552,1/28/2026 0:22,714484588,749581964,Lipa Bill,173426,5520608,5347182,Dar es Salaam,0
TXN00553,12/9/2026 21:52,755876720,732831133,Send Money,3154569,5854098,2699529,Mbeya,0
TXN00554,12/10/2026 3:11,722496299,755358959,Send Money,4988089,13087068,8098979,Dodoma,0
TXN00555,3/16/2026 20:07,791512791,768277389,Send Money,1322882,2221398,898516,Arusha,0
TXN00556,4/13/2026 11:59,735499255,764932613,Lipa Bill,4653231,13715032,9061801,Morogoro,1
TXN00557,6/28/2026 17:58,722873617,716661956,Bank Transfer,3300902,12893607,9592705,Tanga,1
TXN00558,8/30/2026 0:49,758429638,710512117,Lipa Bill,3592018,5062177,1470159,Tanga,0
TXN00559,3/17/2026 8:22,793898287,790559564,Send Money,4034286,7384273,3349987,Dar es Salaam,1
TXN00560,5/25/2026 17:07,749166271,720997276,Lipa Bill,3977598,5915516,1937918,Tanga,0
TXN00561,3/9/2026 7:31,773209094,775645462,Bank Transfer,2228018,3757041,1529023,Dodoma,0
TXN00562,6/10/2026 2:30,761196706,759580252,Send Money,1570171,9049039,7478868,Arusha,0
TXN00563,2/25/2026 0:35,772419022,745353058,Bank Transfer,1902857,6408579,4505722,Dar es Salaam,0
TXN00564,10/3/2026 10:01,799586100,722979206,Bank Transfer,723965,6491827,5767862,Dodoma,0
TXN00565,7/10/2026 6:23,789151743,740536245,Buy Airtime,4648949,5672086,1023137,Tanga,1
TXN00566,1/29/2026 17:55,781875527,773729850,Buy Airtime,4809275,8762692,3953417,Arusha,1
TXN00567,8/14/2026 20:01,714661179,777390918,Bank Transfer,4796740,13467497,8670757,Morogoro,1
TXN00568,1/16/2026 12:54,770269093,733203422,Withdraw,1407279,4962205,3554926,Mwanza,0
TXN00569,8/5/2026 15:36,766824417,720518444,Withdraw,3657343,7044986,3387643,Tanga,1
TXN00570,4/29/2026 17:44,718994192,721680625,Buy Airtime,3260611,12594853,9334242,Mbeya,0
TXN00571,7/10/2026 6:12,747071046,779751366,Bank Transfer,3848300,4055730,207430,Mbeya,0
TXN00572,8/1/2026 3:30,725102023,765625517,Bank Transfer,1260290,3746669,2486379,Mbeya,0
TXN00573,7/15/2026 0:26,723449152,724178065,Lipa Bill,4725133,6419471,1694338,Tanga,0
TXN00574,6/22/2026 5:32,765148727,745451818,Bank Transfer,3218201,11364961,8146760,Mbeya,1
TXN00575,11/20/2026 21:13,746965460,764086249,Send Money,1211723,7951464,6739741,Dodoma,0
TXN00576,1/8/2026 8:47,754492381,741887353,Lipa Bill,418482,8391320,7972838,Arusha,0
TXN00577,9/11/2026 11:20,755347617,750675347,Buy Airtime,2613431,7316867,4703436,Tanga,0
TXN00578,10/28/2026 16:09,723182514,740595926,Buy Airtime,1132307,6173532,5041225,Tanga,0
TXN00579,3/18/2026 23:09,753066216,746160937,Withdraw,3501143,4999127,1497984,Dodoma,0
TXN00580,10/16/2026 4:08,764649480,775023164,Send Money,4337727,10610899,6273172,Mbeya,1
TXN00581,1/11/2026 12:57,751758234,778020910,Bank Transfer,3388839,5664665,2275826,Mbeya,1
TXN00582,12/1/2026 5:52,736941091,717734634,Buy Airtime,2097876,2652716,554840,Dar es Salaam,0
TXN00583,5/25/2026 12:32,758368724,736724061,Buy Airtime,2303289,8483208,6179919,Mbeya,0
TXN00584,8/5/2026 6:49,795283260,726625933,Lipa Bill,261382,4320429,4059047,Dodoma,0
TXN00585,5/6/2026 8:05,769874989,733834879,Bank Transfer,3986084,13832300,9846216,Arusha,1
TXN00586,3/1/2026 7:30,744716747,722132198,Buy Airtime,2396335,2856877,460542,Dar es Salaam,0
TXN00587,8/26/2026 5:39,786807176,738765353,Withdraw,1861827,5638580,3776753,Arusha,0
TXN00588,8/24/2026 16:49,764963125,778891441,Buy Airtime,173211,322494,149283,Mwanza,0
TXN00589,10/21/2026 2:56,733246598,790683906,Lipa Bill,75998,3830236,3754238,Mbeya,0
TXN00590,5/7/2026 23:04,750998106,796267144,Buy Airtime,2315042,9425340,7110298,Tanga,0
TXN00591,7/9/2026 13:24,771605671,743822694,Lipa Bill,1835470,9665363,7829893,Morogoro,0
TXN00592,8/30/2026 3:45,793698993,763304911,Send Money,4908033,6624545,1716512,Mbeya,0
TXN00593,2/9/2026 8:37,760228268,785357498,Lipa Bill,4985925,9728456,4742531,Morogoro,1
TXN00594,9/16/2026 21:37,755135227,747108953,Lipa Bill,2732447,7377805,4645358,Morogoro,0
TXN00595,3/29/2026 11:47,797438349,750103064,Bank Transfer,1585078,4100474,2515396,Tanga,0
TXN00596,1/10/2026 6:25,717620167,790535106,Withdraw,3394823,8756581,5361758,Morogoro,0
TXN00597,1/13/2026 20:37,749675382,744819604,Buy Airtime,3516183,10304226,6788043,Morogoro,0
TXN00598,7/14/2026 15:42,788252116,786778235,Withdraw,1598123,7355510,5757387,Morogoro,0
TXN00599,3/3/2026 21:21,795672999,773852097,Lipa Bill,3012291,11523621,8511330,Tanga,0
TXN00600,2/16/2026 13:59,798263548,784926784,Send Money,1524477,6453355,4928878,Dodoma,0
TXN00601,5/10/2026 8:30,744715663,785031958,Send Money,1540688,7171666,5630978,Mwanza,0
TXN00602,8/2/2026 4:47,739974566,751216287,Lipa Bill,3532179,9090758,5558579,Arusha,0
TXN00603,8/19/2026 23:26,749466873,772244897,Send Money,993022,8887315,7894293,Tanga,0
TXN00604,2/13/2026 14:58,788326059,787888306,Withdraw,602400,8524931,7922531,Mbeya,0
TXN00605,11/8/2026 0:27,761226775,781113720,Send Money,2507789,9438578,6930789,Tanga,0
TXN00606,11/22/2026 1:47,730237141,728436852,Buy Airtime,1685209,7434255,5749046,Mbeya,0
TXN00607,5/2/2026 2:33,771414198,729223220,Send Money,2659016,5684900,3025884,Dodoma,0
TXN00608,4/10/2026 14:07,794695784,733732951,Send Money,2634107,3607413,973306,Dodoma,0
TXN00609,10/6/2026 0:10,738102825,732629881,Buy Airtime,4839177,7497277,2658100,Tanga,0
TXN00610,6/23/2026 19:35,727368573,792474074,Buy Airtime,3643235,10847534,7204299,Dodoma,0
TXN00611,5/16/2026 20:12,761447859,710626681,Withdraw,321462,9276848,8955386,Morogoro,0
TXN00612,1/2/2026 12:02,711889398,753246714,Send Money,4459634,7656980,3197346,Morogoro,0
TXN00613,5/20/2026 15:30,743396474,740368869,Withdraw,2893615,8129654,5236039,Dar es Salaam,0
TXN00614,6/15/2026 23:56,751086072,732417070,Lipa Bill,552667,1319693,767026,Arusha,0
TXN00615,2/18/2026 17:04,779831928,790043415,Buy Airtime,4401617,10069550,5667933,Morogoro,1
TXN00616,3/25/2026 3:56,775790669,758217837,Buy Airtime,1585632,4351918,2766286,Dar es Salaam,0
TXN00617,3/3/2026 12:36,740107903,727610141,Bank Transfer,1776592,2144235,367643,Mbeya,0
TXN00618,7/14/2026 16:34,726530521,759203071,Lipa Bill,318427,6613111,6294684,Tanga,0
TXN00619,11/1/2026 10:07,793635734,716521231,Send Money,4987196,5791837,804641,Morogoro,1
TXN00620,4/3/2026 0:27,725541047,765938669,Send Money,3732178,10111777,6379599,Mbeya,0
TXN00621,8/29/2026 21:42,773672398,730552371,Lipa Bill,1728816,1884920,156104,Dodoma,0
TXN00622,9/13/2026 3:02,723553285,798916958,Bank Transfer,4369670,8899134,4529464,Mbeya,1
TXN00623,2/8/2026 16:32,724081350,778663747,Send Money,992629,5735661,4743032,Tanga,0
TXN00624,5/11/2026 7:34,776805406,736661903,Bank Transfer,1680619,6092924,4412305,Mwanza,0
TXN00625,11/28/2026 10:49,764996550,749641367,Bank Transfer,1350311,2011429,661118,Dodoma,0
TXN00626,9/2/2026 12:49,737876214,774513622,Send Money,2778304,6712649,3934345,Dar es Salaam,0
TXN00627,10/11/2026 19:36,721945758,724821786,Withdraw,4821342,13111032,8289690,Dar es Salaam,0
TXN00628,6/19/2026 0:55,723594977,744345256,Lipa Bill,1944113,9607127,7663014,Arusha,0
TXN00629,10/19/2026 20:27,716721650,723396125,Lipa Bill,1470504,2132273,661769,Arusha,0
TXN00630,11/7/2026 4:52,751970837,767176108,Send Money,977248,2571057,1593809,Dar es Salaam,0
TXN00631,8/15/2026 9:25,728574987,799034004,Lipa Bill,1435360,6949373,5514013,Dodoma,0
TXN00632,5/26/2026 22:02,746011877,722475714,Withdraw,3130781,8880714,5749933,Dar es Salaam,0
TXN00633,11/19/2026 15:04,771275585,746484819,Buy Airtime,3240616,11264235,8023619,Morogoro,0
TXN00634,6/1/2026 11:18,732384662,725174194,Withdraw,1116587,2100510,983923,Dar es Salaam,0
TXN00635,5/19/2026 6:18,789289163,774783521,Withdraw,4777643,12128795,7351152,Mbeya,0
TXN00636,11/20/2026 3:54,792055138,713867648,Buy Airtime,1101016,9205747,8104731,Dar es Salaam,0
TXN00637,4/25/2026 9:51,765201639,769148126,Lipa Bill,390643,1453245,1062602,Morogoro,0
TXN00638,11/14/2026 21:38,711658959,780439867,Withdraw,4842282,14321614,9479332,Morogoro,1
TXN00639,5/6/2026 21:12,780209719,792978636,Withdraw,803948,8065930,7261982,Dodoma,0
TXN00640,1/20/2026 20:48,799081734,796087848,Bank Transfer,3233579,5727586,2494007,Mbeya,1
TXN00641,10/1/2026 14:05,731062435,777856130,Withdraw,3941680,12260409,8318729,Dar es Salaam,0
TXN00642,7/20/2026 10:18,742331952,754411953,Bank Transfer,2338351,3183095,844744,Mwanza,0
TXN00643,7/28/2026 15:15,764126921,741541166,Buy Airtime,666278,8368607,7702329,Tanga,0
TXN00644,7/1/2026 2:06,770142774,721813825,Lipa Bill,4186353,11686911,7500558,Dar es Salaam,0
TXN00645,7/19/2026 22:05,712384932,723776553,Send Money,3389297,10307189,6917892,Mbeya,0
TXN00646,8/27/2026 7:56,710022778,722199793,Bank Transfer,2560152,11088644,8528492,Mwanza,0
TXN00647,7/23/2026 22:40,755748676,758767001,Buy Airtime,460293,4200238,3739945,Arusha,0
TXN00648,2/5/2026 11:25,793182506,790524080,Buy Airtime,3973932,10069003,6095071,Dar es Salaam,0
TXN00649,8/19/2026 17:00,798437437,739762393,Lipa Bill,23429,5750451,5727022,Tanga,0
TXN00650,11/23/2026 13:01,749189370,783509785,Send Money,4383728,10656567,6272839,Dar es Salaam,1
TXN00651,3/10/2026 6:46,728850770,764923338,Bank Transfer,902258,5168524,4266266,Mwanza,0
TXN00652,5/4/2026 0:54,726206227,762733674,Withdraw,1813495,9481454,7667959,Morogoro,0
TXN00653,11/21/2026 16:16,724464073,765629268,Send Money,395073,10273684,9878611,Tanga,0
TXN00654,1/2/2026 13:54,770465703,771389561,Withdraw,4948542,13407573,8459031,Dodoma,0
TXN00655,10/12/2026 9:11,716519170,784252780,Buy Airtime,3635676,13452372,9816696,Mbeya,0
TXN00656,8/28/2026 9:30,733783708,787652255,Send Money,1461684,3615572,2153888,Dodoma,0
TXN00657,8/10/2026 17:28,790603922,791357521,Buy Airtime,2704821,11162385,8457564,Dodoma,0
TXN00658,10/21/2026 0:25,743318046,746721417,Lipa Bill,3342575,9094791,5752216,Dodoma,0
TXN00659,9/13/2026 9:45,727900864,728546206,Lipa Bill,3467359,12062236,8594877,Tanga,0
TXN00660,8/16/2026 6:03,783525272,752132393,Withdraw,4648778,8295181,3646403,Mwanza,0
TXN00661,8/20/2026 21:07,756344519,727806897,Bank Transfer,1496601,9950530,8453929,Morogoro,0
TXN00662,7/27/2026 18:18,753269298,725489430,Buy Airtime,2959784,12393280,9433496,Mbeya,0
TXN00663,1/5/2026 15:35,799544328,766032939,Buy Airtime,4483701,9280776,4797075,Tanga,1
TXN00664,4/8/2026 4:53,713391969,761119548,Send Money,1224088,2114370,890282,Mwanza,0
TXN00665,10/13/2026 13:49,731600382,748468887,Send Money,2106858,4563518,2456660,Morogoro,0
TXN00666,6/14/2026 18:49,749613096,737380537,Lipa Bill,4544680,5086691,542011,Tanga,1
TXN00667,10/13/2026 13:22,785414925,740106027,Withdraw,4713278,11237713,6524435,Mbeya,0
TXN00668,10/14/2026 22:37,748606206,799186817,Buy Airtime,399095,6800989,6401894,Dodoma,0
TXN00669,8/14/2026 22:33,751963706,784104909,Lipa Bill,456325,673845,217520,Mwanza,0
TXN00670,8/8/2026 16:28,769467023,740272606,Bank Transfer,3089836,12961303,9871467,Morogoro,1
TXN00671,3/5/2026 6:38,735970823,749483865,Send Money,3769932,6746644,2976712,Mwanza,0
TXN00672,7/22/2026 15:37,778967357,726019397,Buy Airtime,3169168,3850897,681729,Arusha,0
TXN00673,5/1/2026 8:30,745465638,727457234,Lipa Bill,1354969,11152629,9797660,Dar es Salaam,0
TXN00674,1/19/2026 12:22,772589932,730777669,Lipa Bill,340045,2918759,2578714,Mbeya,0
TXN00675,5/11/2026 8:59,793935292,792625597,Bank Transfer,2531269,10761348,8230079,Mbeya,1
TXN00676,10/14/2026 6:25,752662313,780517332,Bank Transfer,1850175,4934986,3084811,Dar es Salaam,0
TXN00677,2/3/2026 11:25,777798790,731390345,Bank Transfer,3494084,12605457,9111373,Dodoma,1
TXN00678,3/21/2026 12:48,738635863,799031246,Lipa Bill,2789040,8343414,5554374,Arusha,0
TXN00679,9/1/2026 13:16,792984217,781202356,Send Money,3988390,13406023,9417633,Dar es Salaam,0
TXN00680,11/19/2026 11:00,756440312,769816445,Send Money,2021184,6111924,4090740,Morogoro,0
TXN00681,9/21/2026 14:11,753075436,761186964,Lipa Bill,956050,7429973,6473923,Mbeya,0
TXN00682,7/5/2026 5:23,747960665,713315946,Bank Transfer,4340801,10631553,6290752,Tanga,0
TXN00683,12/12/2026 5:36,715885670,749786693,Bank Transfer,1619910,6993866,5373956,Dar es Salaam,0
TXN00684,1/24/2026 20:06,722879054,732467350,Send Money,4517859,13463568,8945709,Morogoro,1
TXN00685,10/29/2026 17:42,794492003,738611881,Withdraw,3563526,5307128,1743602,Mbeya,0
TXN00686,9/19/2026 0:05,768416623,796779969,Send Money,609990,3189563,2579573,Dodoma,0
TXN00687,10/17/2026 3:57,754522084,715085015,Send Money,739178,1968076,1228898,Mwanza,0
TXN00688,5/29/2026 9:56,743810519,784904794,Withdraw,595911,10242177,9646266,Arusha,0
TXN00689,5/22/2026 19:31,762080854,770549061,Lipa Bill,3397755,10662709,7264954,Dar es Salaam,0
TXN00690,9/13/2026 4:24,725878730,781784254,Bank Transfer,54483,1115433,1060950,Dar es Salaam,0
TXN00691,9/7/2026 17:17,719742790,758009699,Lipa Bill,4223102,6003760,1780658,Tanga,1
TXN00692,8/29/2026 13:29,721610534,747784631,Buy Airtime,3676493,10075550,6399057,Tanga,0
TXN00693,9/29/2026 21:14,714136476,773617549,Withdraw,1316336,10266439,8950103,Mwanza,0
TXN00694,11/19/2026 22:31,762478133,783245898,Lipa Bill,2479458,4896644,2417186,Morogoro,0
TXN00695,2/14/2026 20:50,796965116,760080729,Bank Transfer,98534,9385128,9286594,Mwanza,0
TXN00696,12/11/2026 18:49,715606696,710675093,Bank Transfer,4809311,11420904,6611593,Mbeya,1
TXN00697,2/28/2026 14:26,738192821,756150987,Bank Transfer,1781178,8704371,6923193,Mwanza,0
TXN00698,9/2/2026 7:05,734695085,739633659,Send Money,2125151,5385403,3260252,Mwanza,0
TXN00699,4/16/2026 19:45,786140729,717299874,Bank Transfer,4609096,12347841,7738745,Dar es Salaam,0
TXN00700,5/11/2026 0:43,743646722,723180503,Buy Airtime,1661058,11401836,9740778,Arusha,0
TXN00701,1/26/2026 9:59,727208745,797976094,Lipa Bill,1972404,3650881,1678477,Mbeya,0
TXN00702,8/29/2026 2:07,735970938,752652506,Lipa Bill,4080699,11641283,7560584,Mbeya,1
TXN00703,4/26/2026 4:09,788405961,730454105,Lipa Bill,4749194,14259558,9510364,Tanga,0
TXN00704,9/27/2026 8:36,732634412,710648524,Withdraw,2632436,6762569,4130133,Morogoro,0
TXN00705,6/12/2026 3:35,747135338,758249394,Buy Airtime,1131638,6694341,5562703,Dodoma,0
TXN00706,8/24/2026 0:54,758149482,750999730,Send Money,4090012,13345529,9255517,Mwanza,0
TXN00707,11/19/2026 16:55,747663633,728790705,Lipa Bill,4523255,7818835,3295580,Morogoro,0
TXN00708,5/28/2026 12:07,720120010,712500515,Bank Transfer,4259520,4782872,523352,Mbeya,0
TXN00709,6/21/2026 21:18,738556255,714919926,Bank Transfer,4632105,9004521,4372416,Mbeya,0
TXN00710,11/9/2026 2:00,729949181,759099345,Bank Transfer,3297514,7043977,3746463,Morogoro,1
TXN00711,7/2/2026 20:00,772371131,777259613,Buy Airtime,4286646,5805890,1519244,Arusha,1
TXN00712,2/27/2026 23:18,742062038,792414513,Withdraw,1396196,10021978,8625782,Dodoma,0
TXN00713,1/15/2026 17:11,734044459,786015183,Buy Airtime,4751379,7204192,2452813,Arusha,1
TXN00714,1/16/2026 14:03,775450221,741104946,Lipa Bill,532317,4967493,4435176,Mwanza,0
TXN00715,12/1/2026 4:44,799736040,737752746,Buy Airtime,4349336,10410128,6060792,Dodoma,1
TXN00716,10/30/2026 1:34,716232730,715355917,Bank Transfer,2723505,4455333,1731828,Morogoro,1
TXN00717,8/26/2026 23:54,745341684,787662596,Withdraw,4571339,14137039,9565700,Dodoma,0
TXN00718,11/27/2026 7:36,788876916,797689346,Lipa Bill,657948,9326113,8668165,Dodoma,0
TXN00719,10/16/2026 14:20,739917031,779306247,Lipa Bill,3409451,9330097,5920646,Dodoma,0
TXN00720,3/2/2026 7:05,774707720,791095825,Withdraw,60345,8479772,8419427,Dodoma,0
TXN00721,3/10/2026 1:12,740868838,720346606,Withdraw,4321285,9032486,4711201,Mwanza,1
TXN00722,2/11/2026 6:22,790801793,725882013,Lipa Bill,1937285,8893348,6956063,Morogoro,0
TXN00723,8/24/2026 15:50,774628070,774265413,Bank Transfer,4023320,7558345,3535025,Mwanza,0
TXN00724,2/28/2026 15:58,713012656,742704875,Bank Transfer,366920,2512476,2145556,Mbeya,0
TXN00725,1/21/2026 8:33,728082355,794495485,Bank Transfer,4305359,4962872,657513,Mwanza,1
TXN00726,9/23/2026 1:08,734164229,779342339,Send Money,3406214,12861931,9455717,Morogoro,0
TXN00727,6/21/2026 15:16,798817918,748044635,Buy Airtime,724310,4358144,3633834,Mbeya,0
TXN00728,10/17/2026 7:27,774648438,732893086,Bank Transfer,1845157,8736681,6891524,Mwanza,0
TXN00729,9/7/2026 14:47,788201440,734412077,Withdraw,4289942,8727862,4437920,Morogoro,1
TXN00730,5/21/2026 8:13,770863732,790065352,Withdraw,4959278,6114270,1154992,Dodoma,1
TXN00731,2/24/2026 10:53,712222998,737158762,Buy Airtime,4389820,12851568,8461748,Tanga,0
TXN00732,2/12/2026 18:52,733813202,773870080,Bank Transfer,332462,9248377,8915915,Tanga,0
TXN00733,9/5/2026 1:20,722507745,774725282,Send Money,1098277,10145994,9047717,Tanga,0
TXN00734,1/16/2026 19:34,797138408,767914523,Lipa Bill,4384224,11442130,7057906,Tanga,0
TXN00735,10/20/2026 22:53,767573535,740801123,Lipa Bill,4049344,10445431,6396087,Mbeya,0
TXN00736,10/6/2026 20:10,787325627,723115341,Lipa Bill,3574263,5820448,2246185,Dodoma,0
TXN00737,3/10/2026 19:41,741207351,721249805,Buy Airtime,2381213,11503505,9122292,Arusha,0
TXN00738,1/3/2026 14:51,710734097,710954835,Send Money,4853507,13620284,8766777,Mbeya,1
TXN00739,6/5/2026 3:04,737570830,752399610,Send Money,3434641,9512519,6077878,Mwanza,0
TXN00740,7/25/2026 14:09,797453041,788567056,Bank Transfer,2132625,6516560,4383935,Dodoma,0
TXN00741,7/23/2026 0:03,746985109,763345392,Bank Transfer,1713706,8646524,6932818,Tanga,0
TXN00742,4/3/2026 9:32,774755726,733987338,Bank Transfer,3110571,12490608,9380037,Dodoma,0
TXN00743,3/25/2026 15:46,787531025,756218720,Send Money,3344754,5661159,2316405,Morogoro,0
TXN00744,10/14/2026 4:52,769940949,731715773,Bank Transfer,846198,4444208,3598010,Dodoma,0
TXN00745,1/2/2026 22:13,755424358,783897088,Buy Airtime,441650,3138386,2696736,Morogoro,0
TXN00746,4/6/2026 18:55,722225702,729505652,Send Money,3961643,11266064,7304421,Dar es Salaam,0
TXN00747,8/12/2026 12:54,739765498,759772648,Buy Airtime,676421,1309850,633429,Dodoma,0
TXN00748,6/29/2026 23:51,798070348,779928180,Withdraw,2408078,3372147,964069,Morogoro,0
TXN00749,10/13/2026 10:20,737072687,798165507,Withdraw,4351584,9149977,4798393,Dar es Salaam,0
TXN00750,8/27/2026 11:38,779231333,741094351,Lipa Bill,1426725,2031730,605005,Mwanza,0
TXN00751,9/1/2026 19:35,710038556,731131878,Buy Airtime,733490,5362942,4629452,Arusha,0
TXN00752,9/26/2026 7:21,763035211,764418707,Bank Transfer,4921396,8282046,3360650,Dar es Salaam,0
TXN00753,5/7/2026 12:17,722101856,783765077,Bank Transfer,2391506,11771880,9380374,Arusha,0
TXN00754,1/2/2026 16:38,747112255,740372869,Buy Airtime,1636795,9266385,7629590,Mbeya,0
TXN00755,1/27/2026 8:31,745045256,733492771,Send Money,3420292,11913557,8493265,Mbeya,0
TXN00756,11/15/2026 23:35,777534222,749493811,Bank Transfer,2856840,4819925,1963085,Arusha,0
TXN00757,10/8/2026 8:04,787160950,743573422,Bank Transfer,3719212,10045569,6326357,Dodoma,1
TXN00758,2/12/2026 7:58,755588495,771585593,Send Money,3869803,13715118,9845315,Dodoma,0
TXN00759,4/25/2026 22:53,744603983,719066979,Withdraw,3215095,6912496,3697401,Tanga,0
TXN00760,4/15/2026 14:22,757391778,779324022,Lipa Bill,4498373,4661501,163128,Mwanza,1
TXN00761,5/9/2026 17:15,755901507,720204415,Buy Airtime,4656915,7651408,2994493,Arusha,1
TXN00762,3/14/2026 16:42,787002404,746114740,Buy Airtime,1538307,4728788,3190481,Morogoro,0
TXN00763,10/31/2026 23:49,741522559,742488275,Withdraw,2231381,5700550,3469169,Mwanza,1
TXN00764,9/4/2026 1:20,793026670,757785185,Send Money,1313585,3103534,1789949,Dar es Salaam,0
TXN00765,6/25/2026 14:19,799043272,776124358,Send Money,60563,9144988,9084425,Tanga,0
TXN00766,4/11/2026 0:39,759821155,793304578,Bank Transfer,2650908,10911008,8260100,Tanga,0
TXN00767,1/20/2026 17:09,778603195,747616749,Bank Transfer,3342655,7068753,3726098,Mwanza,0
TXN00768,5/24/2026 8:21,766797703,774199033,Bank Transfer,4541290,5087600,546310,Arusha,0
TXN00769,9/8/2026 22:24,733461307,771363812,Buy Airtime,1014721,9708760,8694039,Arusha,0
TXN00770,4/29/2026 11:42,711129926,711586450,Bank Transfer,1772919,8138664,6365745,Dar es Salaam,0
TXN00771,3/28/2026 8:09,758533442,792245683,Bank Transfer,2183527,5323423,3139896,Arusha,1
TXN00772,3/18/2026 15:39,792286747,756049627,Buy Airtime,3074594,6160153,3085559,Dodoma,0
TXN00773,3/7/2026 11:53,766249702,759970552,Lipa Bill,3067496,9788324,6720828,Dodoma,0
TXN00774,4/9/2026 6:51,786693314,727601200,Send Money,4835938,8670651,3834713,Morogoro,0
TXN00775,9/26/2026 21:28,784536479,768011418,Withdraw,3200081,6489475,3289394,Tanga,1
TXN00776,8/18/2026 14:43,711307588,733703827,Withdraw,3540971,11922831,8381860,Tanga,0
TXN00777,7/26/2026 17:48,752376193,775313057,Bank Transfer,2521869,6732514,4210645,Tanga,1
TXN00778,11/2/2026 11:02,723284172,731923376,Lipa Bill,508621,4123562,3614941,Dodoma,0
TXN00779,5/12/2026 4:24,794538675,722925420,Lipa Bill,3778655,9393260,5614605,Arusha,0
TXN00780,2/14/2026 3:23,785208908,784825240,Send Money,2166868,7940583,5773715,Dodoma,0
TXN00781,8/25/2026 8:11,757122567,791279039,Bank Transfer,1673981,11351981,9678000,Morogoro,0
TXN00782,7/5/2026 20:19,782267959,733426205,Lipa Bill,2392471,8350212,5957741,Morogoro,0
TXN00783,6/18/2026 20:19,775430302,769985944,Bank Transfer,662729,7056039,6393310,Arusha,0
TXN00784,8/11/2026 22:26,794786974,729441214,Buy Airtime,1410725,7071161,5660436,Morogoro,0
TXN00785,3/25/2026 2:11,786723896,764327674,Withdraw,603477,1930754,1327277,Arusha,0
TXN00786,5/24/2026 23:32,752074850,752530677,Bank Transfer,2449074,6936516,4487442,Morogoro,1
TXN00787,3/2/2026 22:02,769713250,758743159,Buy Airtime,4928439,13668289,8739850,Dodoma,1
TXN00788,3/2/2026 18:29,713100576,726782572,Send Money,1973195,6195131,4221936,Mwanza,0
TXN00789,1/20/2026 14:20,763290556,723825676,Buy Airtime,806562,1876820,1070258,Mbeya,0
TXN00790,8/14/2026 1:03,713538638,763286118,Send Money,4400486,5797209,1396723,Arusha,1
TXN00791,4/14/2026 11:09,797890153,762324272,Withdraw,2600189,6448143,3847954,Morogoro,0
TXN00792,8/30/2026 14:10,726966692,727619715,Send Money,4423634,7285961,2862327,Dar es Salaam,1
TXN00793,6/11/2026 23:06,753647781,773908407,Lipa Bill,3924102,12993599,9069497,Mbeya,0
TXN00794,8/18/2026 18:10,728134815,782381952,Bank Transfer,1490090,11402588,9912498,Dodoma,0
TXN00795,11/27/2026 22:17,795342494,785696716,Bank Transfer,3653854,12436052,8782198,Arusha,1
TXN00796,5/31/2026 1:53,782433029,740484663,Lipa Bill,756233,8169418,7413185,Arusha,0
TXN00797,10/24/2026 20:53,744870711,730900054,Send Money,2551554,2728651,177097,Mbeya,0
TXN00798,9/8/2026 9:49,728293937,756155452,Bank Transfer,2410536,10282371,7871835,Dar es Salaam,0
TXN00799,3/26/2026 4:23,774030858,750213043,Lipa Bill,81609,7303115,7221506,Mbeya,0
TXN00800,6/9/2026 3:29,710968781,783579795,Buy Airtime,3139352,6303048,3163696,Mbeya,0
TXN00801,4/6/2026 17:57,762982727,743540489,Buy Airtime,1374603,7913074,6538471,Mwanza,0
TXN00802,9/10/2026 15:36,720631350,766672010,Bank Transfer,2014590,10681868,8667278,Tanga,0
TXN00803,11/7/2026 17:50,748208680,797034430,Buy Airtime,4467271,8977356,4510085,Mwanza,1
TXN00804,4/10/2026 1:56,728337367,748868823,Bank Transfer,930736,8570124,7639388,Dodoma,0
TXN00805,1/19/2026 1:41,793584597,776034587,Send Money,1580292,6959801,5379509,Mwanza,0
TXN00806,2/15/2026 12:36,781802559,712970357,Lipa Bill,1564757,3280621,1715864,Arusha,0
TXN00807,6/29/2026 16:57,768843284,711101134,Withdraw,1957956,3471210,1513254,Dar es Salaam,0
TXN00808,6/18/2026 19:44,739150491,755890766,Buy Airtime,3530254,8757643,5227389,Arusha,0
TXN00809,10/10/2026 9:45,714259684,754325223,Send Money,677960,3128907,2450947,Arusha,0
TXN00810,11/23/2026 2:44,762669959,719581091,Withdraw,4561624,12449378,7887754,Mwanza,0
TXN00811,6/11/2026 6:39,761214452,711693222,Buy Airtime,1028087,5204982,4176895,Tanga,0
TXN00812,8/31/2026 11:39,743173547,714497675,Send Money,1675841,9407363,7731522,Mbeya,0
TXN00813,8/18/2026 1:43,737977300,773461570,Lipa Bill,3269199,8505525,5236326,Mwanza,0
TXN00814,8/21/2026 11:28,715662097,783763371,Lipa Bill,4374846,6424040,2049194,Dodoma,1
TXN00815,6/8/2026 1:45,758375646,716991067,Withdraw,1831940,3726565,1894625,Morogoro,0
TXN00816,5/25/2026 2:37,753555463,712022353,Bank Transfer,1408920,6041110,4632190,Dar es Salaam,0
TXN00817,8/6/2026 1:46,742626898,711198544,Buy Airtime,357265,10106119,9748854,Morogoro,0
TXN00818,2/3/2026 6:40,730802666,759848284,Withdraw,755611,4928478,4172867,Dodoma,0
TXN00819,2/26/2026 0:57,793033107,755422244,Lipa Bill,508755,1511615,1002860,Morogoro,0
TXN00820,7/23/2026 6:56,781988124,724413864,Withdraw,1060517,9245162,8184645,Arusha,0
TXN00821,5/18/2026 12:59,796522918,756616197,Send Money,3685240,6922660,3237420,Morogoro,0
TXN00822,6/9/2026 6:56,758072427,728083446,Buy Airtime,2107992,2770499,662507,Morogoro,0
TXN00823,3/9/2026 22:46,785031037,749555923,Withdraw,4557783,12780162,8222379,Mbeya,0
TXN00824,7/13/2026 9:08,753443711,772866875,Withdraw,2314588,11617895,9303307,Dar es Salaam,1
TXN00825,10/10/2026 12:04,749684512,745346140,Buy Airtime,4548320,10707449,6159129,Dar es Salaam,0
TXN00826,4/27/2026 18:16,760874366,734901990,Bank Transfer,162033,6270201,6108168,Mwanza,0
TXN00827,9/6/2026 18:06,718501586,798354109,Withdraw,4526094,11027111,6501017,Mbeya,0
TXN00828,4/28/2026 5:53,784016756,730687181,Buy Airtime,2380058,7792388,5412330,Morogoro,0
TXN00829,12/8/2026 10:37,724826245,722919301,Send Money,4393924,5512626,1118702,Tanga,1
TXN00830,1/12/2026 14:01,714197492,737122588,Withdraw,903043,9046205,8143162,Dar es Salaam,0
TXN00831,9/13/2026 8:10,786639957,796134450,Bank Transfer,3264803,11484122,8219319,Mbeya,0
TXN00832,8/27/2026 18:01,716588161,759171204,Send Money,1856556,3045623,1189067,Mwanza,0
TXN00833,9/28/2026 16:36,775955329,720731620,Lipa Bill,3931364,4949744,1018380,Mbeya,0
TXN00834,9/25/2026 8:24,765828293,759535555,Bank Transfer,494056,4953702,4459646,Dar es Salaam,0
TXN00835,2/6/2026 20:31,719447334,750789378,Bank Transfer,658769,4280970,3622201,Dar es Salaam,0
TXN00836,8/28/2026 3:52,741006711,781358338,Withdraw,3237391,6416009,3178618,Mbeya,1
TXN00837,2/8/2026 9:59,793929707,734011268,Buy Airtime,4689395,14053457,9364062,Morogoro,0
TXN00838,10/16/2026 12:38,787385064,758045029,Send Money,3853027,11018156,7165129,Mwanza,0
TXN00839,2/27/2026 14:10,734212413,783815115,Lipa Bill,3373505,11840844,8467339,Morogoro,0
TXN00840,4/29/2026 4:52,781658908,790519326,Lipa Bill,3721255,9632272,5911017,Mbeya,0
TXN00841,7/25/2026 0:50,759891348,765343779,Bank Transfer,3617034,9043639,5426605,Mwanza,0
TXN00842,5/25/2026 13:49,760340113,783851788,Buy Airtime,2136454,8176395,6039941,Dodoma,0
TXN00843,2/19/2026 4:23,710026256,714652375,Send Money,2391409,12386650,9995241,Mbeya,0
TXN00844,4/25/2026 15:40,750512501,710881653,Withdraw,2524383,6247024,3722641,Tanga,1
TXN00845,2/26/2026 7:55,747038339,784311410,Bank Transfer,4293856,13627408,9333552,Mbeya,1
TXN00846,11/20/2026 21:39,771789789,757735307,Lipa Bill,1314521,3636625,2322104,Arusha,0
TXN00847,7/27/2026 16:59,788135616,743535226,Lipa Bill,1959496,6258554,4299058,Dar es Salaam,0
TXN00848,6/25/2026 16:26,763660012,786378602,Lipa Bill,1828996,3124223,1295227,Tanga,0
TXN00849,4/20/2026 8:52,733206579,775535348,Bank Transfer,4838788,6438731,1599943,Morogoro,1
TXN00850,11/17/2026 7:44,787347488,761210252,Lipa Bill,663316,1601543,938227,Arusha,0
TXN00851,8/19/2026 18:59,768291349,765904597,Bank Transfer,1016167,4819858,3803691,Dar es Salaam,0
TXN00852,4/27/2026 6:13,794851591,761336531,Bank Transfer,459058,5572474,5113416,Dar es Salaam,0
TXN00853,3/22/2026 9:21,782468141,785821325,Bank Transfer,1259768,6743092,5483324,Morogoro,0
TXN00854,7/3/2026 18:23,730561818,716780654,Bank Transfer,3300738,10776937,7476199,Mbeya,1
TXN00855,1/31/2026 1:17,767973424,748894019,Withdraw,3312816,5796052,2483236,Arusha,0
TXN00856,7/2/2026 16:59,716618423,783571770,Send Money,3353659,7758650,4404991,Dodoma,0
TXN00857,6/27/2026 14:59,768316409,727498659,Bank Transfer,1136377,9204917,8068540,Mwanza,0
TXN00858,9/25/2026 20:21,763058791,797543303,Bank Transfer,4797669,8087669,3290000,Mbeya,0
TXN00859,12/3/2026 11:14,742522981,719615892,Lipa Bill,2238526,9453831,7215305,Morogoro,0
TXN00860,5/7/2026 19:33,787311859,722025190,Buy Airtime,948968,7887723,6938755,Arusha,0
TXN00861,4/21/2026 23:32,735567100,753048774,Send Money,2895084,12858689,9963605,Tanga,0
TXN00862,12/3/2026 11:53,732717056,756938140,Buy Airtime,3714527,6160955,2446428,Dar es Salaam,0
TXN00863,9/27/2026 6:33,741338443,736801295,Send Money,3140836,5757934,2617098,Dar es Salaam,0
TXN00864,9/10/2026 14:28,717319968,742621391,Send Money,1243805,6070359,4826554,Arusha,0
TXN00865,3/18/2026 2:21,724935479,750952251,Send Money,3780390,11685651,7905261,Arusha,0
TXN00866,4/5/2026 4:11,782209870,738437423,Bank Transfer,1714609,10882086,9167477,Tanga,0
TXN00867,11/26/2026 21:06,783658696,774830696,Buy Airtime,1190708,1499216,308508,Mbeya,0
TXN00868,4/14/2026 9:44,799057266,780705777,Withdraw,369753,4655599,4285846,Dar es Salaam,0
TXN00869,12/11/2026 3:04,736936968,792941828,Buy Airtime,2280673,3171295,890622,Morogoro,0
TXN00870,2/9/2026 6:46,711118594,718938604,Lipa Bill,3265191,7817023,4551832,Tanga,0
TXN00871,9/16/2026 9:21,712560649,749258091,Buy Airtime,3247391,7125756,3878365,Mbeya,0
TXN00872,3/14/2026 9:47,723368583,752339783,Send Money,4070640,12988747,8918107,Mwanza,1
TXN00873,4/22/2026 0:29,771469875,785254207,Withdraw,185258,852192,666934,Mbeya,0
TXN00874,9/7/2026 3:36,754770958,775757673,Send Money,3305076,5939187,2634111,Arusha,0
TXN00875,10/23/2026 14:25,757232974,757698045,Bank Transfer,2541096,6503954,3962858,Arusha,1
TXN00876,2/25/2026 5:38,744585138,761965156,Lipa Bill,252177,9562514,9310337,Mwanza,0
TXN00877,9/4/2026 20:24,755873760,762726977,Buy Airtime,1156426,2629381,1472955,Mbeya,0
TXN00878,2/25/2026 14:44,792201431,793956490,Withdraw,1912804,8914495,7001691,Mbeya,0
TXN00879,3/17/2026 6:40,767239162,751927304,Bank Transfer,2767240,10303048,7535808,Mwanza,0
TXN00880,9/14/2026 17:34,787984620,782659280,Lipa Bill,1702101,4019196,2317095,Morogoro,0
TXN00881,4/26/2026 14:19,780303981,728153282,Bank Transfer,3612640,6047893,2435253,Mwanza,1
TXN00882,1/11/2026 17:37,781532887,725889673,Withdraw,1549638,6878041,5328403,Morogoro,0
TXN00883,12/6/2026 23:23,752773504,765571528,Buy Airtime,3454829,8544165,5089336,Morogoro,0
TXN00884,3/9/2026 6:20,795476210,746748299,Send Money,1279708,4432710,3153002,Mwanza,0
TXN00885,8/6/2026 3:04,713516265,792138779,Bank Transfer,2243605,11757009,9513404,Mwanza,1
TXN00886,11/5/2026 1:40,713501001,758219240,Withdraw,671688,8667746,7996058,Mbeya,0
TXN00887,6/22/2026 12:32,791163038,772916371,Buy Airtime,3141998,6228611,3086613,Dodoma,0
TXN00888,10/6/2026 8:38,728456645,731983035,Send Money,1626180,5422412,3796232,Dodoma,0
TXN00889,3/16/2026 11:29,712015179,746219821,Withdraw,3469864,7203704,3733840,Tanga,1
TXN00890,6/5/2026 16:02,768959861,792820305,Buy Airtime,4114938,9565782,5450844,Mwanza,1
TXN00891,12/8/2026 22:19,715613827,791594977,Buy Airtime,3195809,8445357,5249548,Mbeya,0
TXN00892,2/9/2026 19:13,786763742,789699265,Send Money,4502630,13314536,8811906,Mbeya,1
TXN00893,1/15/2026 6:59,715692967,742980201,Buy Airtime,4356193,13380139,9023946,Morogoro,0
TXN00894,5/25/2026 22:07,779273350,794644215,Lipa Bill,418520,3603680,3185160,Dodoma,0
TXN00895,8/12/2026 5:38,750876565,748374806,Buy Airtime,3875060,6668241,2793181,Arusha,0
TXN00896,9/21/2026 2:35,717321129,779386491,Buy Airtime,1198192,8975756,7777564,Dar es Salaam,0
TXN00897,5/24/2026 2:40,777197151,725189633,Bank Transfer,1513031,11335213,9822182,Mwanza,0
TXN00898,8/3/2026 22:15,765506990,753414191,Withdraw,3787304,4205259,417955,Dodoma,0
TXN00899,8/25/2026 3:20,737102854,771026547,Lipa Bill,761481,4957165,4195684,Morogoro,0
TXN00900,5/13/2026 3:26,732010905,726581824,Buy Airtime,769967,2685336,1915369,Morogoro,0
TXN00901,5/18/2026 20:56,721449650,780305568,Bank Transfer,3226958,11811296,8584338,Mwanza,0
TXN00902,11/13/2026 7:51,715892974,732935793,Withdraw,2816803,12304177,9487374,Mwanza,1
TXN00903,8/17/2026 2:01,716886777,766315301,Buy Airtime,2589213,7782068,5192855,Arusha,0
TXN00904,10/6/2026 16:07,734252610,725777827,Send Money,1108697,4511983,3403286,Mbeya,0
TXN00905,10/21/2026 23:38,743971980,711638498,Buy Airtime,3852373,12201178,8348805,Mbeya,0
TXN00906,8/29/2026 2:32,710771825,791602221,Withdraw,4144499,8135435,3990936,Mbeya,0
TXN00907,4/12/2026 6:11,765049584,769307507,Withdraw,671096,781373,110277,Mbeya,0
TXN00908,2/23/2026 23:28,793183589,794374018,Send Money,4682057,8165637,3483580,Mwanza,1
TXN00909,8/8/2026 15:35,756844649,714928616,Bank Transfer,1224488,1768608,544120,Tanga,0
TXN00910,3/6/2026 21:33,750056146,754440977,Send Money,740703,1563312,822609,Dodoma,0
TXN00911,6/15/2026 18:48,731654047,748168910,Bank Transfer,4995961,14597269,9601308,Mwanza,0
TXN00912,11/23/2026 18:44,758343701,714810369,Lipa Bill,786199,5807527,5021328,Arusha,0
TXN00913,6/21/2026 10:03,760860378,719082067,Send Money,3589652,12825024,9235372,Arusha,0
TXN00914,7/11/2026 0:25,728058430,726377680,Bank Transfer,2306989,7830191,5523202,Dodoma,1
TXN00915,8/18/2026 0:05,738058347,792148463,Bank Transfer,493087,2326874,1833787,Morogoro,0
TXN00916,11/5/2026 16:10,780994013,721766833,Buy Airtime,4062259,8880462,4818203,Mbeya,1
TXN00917,6/30/2026 17:34,780516816,787194344,Bank Transfer,2973336,5149561,2176225,Mbeya,0
TXN00918,9/15/2026 23:43,794806492,776805681,Bank Transfer,4136426,7154768,3018342,Mwanza,1
TXN00919,10/18/2026 1:57,735978571,710212187,Buy Airtime,996593,1399024,402431,Morogoro,0
TXN00920,5/8/2026 7:17,725827722,737827473,Send Money,3483186,10429643,6946457,Arusha,0
TXN00921,4/13/2026 12:53,785217695,795564277,Withdraw,1786219,1975755,189536,Morogoro,0
TXN00922,4/28/2026 22:29,744147341,719104802,Bank Transfer,2586783,7624712,5037929,Mbeya,0
TXN00923,1/11/2026 14:25,725278911,754732472,Bank Transfer,2868548,9513153,6644605,Mbeya,0
TXN00924,1/13/2026 22:42,736040330,754360949,Buy Airtime,2839819,10877921,8038102,Tanga,0
TXN00925,7/15/2026 12:05,796657974,728220579,Buy Airtime,4044077,6651026,2606949,Tanga,0
TXN00926,9/21/2026 22:50,772071682,765559839,Lipa Bill,474948,9217106,8742158,Mbeya,0
TXN00927,9/7/2026 13:55,752346074,784514623,Withdraw,4500333,4814376,314043,Mbeya,1
TXN00928,5/17/2026 14:54,757458790,718886963,Send Money,1257460,5962798,4705338,Arusha,0
TXN00929,3/10/2026 5:20,794088862,781708931,Bank Transfer,1397252,10976734,9579482,Dodoma,0
TXN00930,5/31/2026 16:26,789885300,725682621,Send Money,2591051,7867475,5276424,Arusha,0
TXN00931,12/13/2026 3:34,721649801,776713516,Buy Airtime,1998487,8232624,6234137,Tanga,0
TXN00932,5/17/2026 5:56,750618137,739009803,Withdraw,4409861,9481920,5072059,Dar es Salaam,0
TXN00933,6/25/2026 17:34,737125189,722429114,Send Money,3727646,12216828,8489182,Tanga,0
TXN00934,11/15/2026 4:04,777116153,730679969,Buy Airtime,1600611,7306808,5706197,Morogoro,0
TXN00935,12/8/2026 12:34,780280155,751655640,Send Money,2750909,5155000,2404091,Tanga,0
TXN00936,9/17/2026 20:12,779276026,727812995,Buy Airtime,1726234,2339483,613249,Dodoma,0
TXN00937,11/5/2026 19:01,780107942,725547243,Send Money,39476,5256876,5217400,Morogoro,0
TXN00938,7/9/2026 12:52,789763928,721687128,Send Money,2800837,10633714,7832877,Dar es Salaam,0
TXN00939,11/21/2026 19:35,798447373,751940463,Lipa Bill,193578,9883424,9689846,Morogoro,0
TXN00940,7/13/2026 19:05,738165011,753067834,Lipa Bill,1687381,4917760,3230379,Arusha,0
TXN00941,4/10/2026 15:04,752835559,769205536,Withdraw,991926,5566304,4574378,Mwanza,0
TXN00942,7/17/2026 12:41,725362614,712047721,Send Money,4699481,13323987,8624506,Mwanza,1
TXN00943,3/4/2026 8:37,752746321,746379997,Bank Transfer,1192464,5944907,4752443,Mwanza,0
TXN00944,2/17/2026 8:36,719562056,751792388,Buy Airtime,2846547,11915925,9069378,Dar es Salaam,0
TXN00945,2/1/2026 8:31,713891332,773181059,Buy Airtime,428255,2205413,1777158,Dar es Salaam,0
TXN00946,5/10/2026 11:29,767239263,762602177,Buy Airtime,1506418,11451217,9944799,Mbeya,0
TXN00947,10/6/2026 7:40,751935074,754604858,Send Money,1667178,10617569,8950391,Tanga,0
TXN00948,6/15/2026 20:57,772504573,786207390,Buy Airtime,1110578,2669452,1558874,Dar es Salaam,0
TXN00949,2/22/2026 7:51,751660066,796492401,Withdraw,3909029,11803478,7894449,Mwanza,0
TXN00950,11/30/2026 23:10,792804565,744635255,Withdraw,3053834,9631793,6577959,Morogoro,0
TXN00951,2/11/2026 2:25,753588695,770838623,Send Money,4094502,4602249,507747,Dodoma,1
TXN00952,2/16/2026 9:11,771906810,732924595,Bank Transfer,2372746,8221542,5848796,Mbeya,0
TXN00953,4/20/2026 23:56,764450250,724358786,Send Money,2738593,12069239,9330646,Tanga,0
TXN00954,8/15/2026 1:17,781503899,771870997,Buy Airtime,3367292,13274841,9907549,Mwanza,0
TXN00955,5/5/2026 1:12,742707660,783544472,Buy Airtime,1338958,9431861,8092903,Dar es Salaam,0
TXN00956,5/5/2026 14:11,737949250,789318677,Bank Transfer,3621735,10925758,7304023,Tanga,0
TXN00957,8/4/2026 14:24,741696096,733231136,Buy Airtime,658425,10291705,9633280,Dar es Salaam,0
TXN00958,6/12/2026 2:21,790003898,772130518,Send Money,2734469,12047295,9312826,Tanga,0
TXN00959,9/7/2026 14:03,733645674,751343854,Bank Transfer,3409044,4576866,1167822,Dar es Salaam,0
TXN00960,10/25/2026 11:20,760856575,753943990,Send Money,4151448,5182948,1031500,Mwanza,1
TXN00961,7/13/2026 10:11,787949346,795380301,Withdraw,6546,2468188,2461642,Dodoma,0
TXN00962,9/6/2026 3:11,749124904,762342586,Withdraw,4853040,12355136,7502096,Mwanza,0
TXN00963,8/1/2026 3:56,750229795,786541203,Lipa Bill,2559751,9853260,7293509,Dar es Salaam,0
TXN00964,4/18/2026 2:37,711089747,792072899,Withdraw,4286745,11068052,6781307,Tanga,1
TXN00965,11/10/2026 13:41,783670115,717130627,Lipa Bill,12074,9407822,9395748,Dar es Salaam,0
TXN00966,8/16/2026 15:12,747877483,714185545,Bank Transfer,1978345,9221329,7242984,Dodoma,0
TXN00967,3/18/2026 21:38,752698324,761377152,Buy Airtime,3411048,9812647,6401599,Mbeya,0
TXN00968,5/21/2026 0:38,798917575,733274710,Withdraw,3988510,6321698,2333188,Mbeya,0
TXN00969,1/5/2026 5:23,758357021,766000400,Withdraw,1299087,6138825,4839738,Mwanza,0
TXN00970,6/9/2026 0:14,719629584,797025331,Buy Airtime,136766,2552616,2415850,Morogoro,0
TXN00971,9/11/2026 4:24,728223512,721363335,Buy Airtime,1156087,8132983,6976896,Tanga,0
TXN00972,7/20/2026 23:53,791125155,767137046,Bank Transfer,1513249,9136721,7623472,Dodoma,0
TXN00973,8/9/2026 2:50,770404120,761635535,Withdraw,2985533,6772837,3787304,Dodoma,1
TXN00974,7/29/2026 20:14,776861495,741776042,Buy Airtime,4213806,8731078,4517272,Mbeya,1
TXN00975,6/25/2026 7:41,715082158,786255745,Send Money,4058946,10242668,6183722,Mbeya,0
TXN00976,1/29/2026 11:37,720745888,729070658,Buy Airtime,4420830,9108725,4687895,Mbeya,1
TXN00977,8/19/2026 17:14,791882291,721871068,Send Money,2062149,9988571,7926422,Morogoro,0
TXN00978,10/11/2026 10:52,782369824,787796412,Lipa Bill,2626437,3511842,885405,Mbeya,0
TXN00979,9/25/2026 4:10,711447323,772930506,Buy Airtime,3813719,12414778,8601059,Mbeya,0
TXN00980,1/13/2026 20:41,754495054,766507825,Lipa Bill,2965461,7908329,4942868,Mwanza,0
TXN00981,6/22/2026 6:32,790213415,750811697,Send Money,4733710,9103220,4369510,Morogoro,0
TXN00982,1/31/2026 0:59,786887967,716928303,Lipa Bill,2452403,2910388,457985,Dodoma,0
TXN00983,8/13/2026 4:55,727021671,777859961,Lipa Bill,649767,5311296,4661529,Mwanza,0
TXN00984,3/5/2026 13:47,747711414,746939015,Send Money,2160500,2398786,238286,Mbeya,0
TXN00985,10/12/2026 21:49,789426041,730285078,Withdraw,3751798,9955455,6203657,Arusha,0
TXN00986,2/22/2026 19:38,775084661,734267798,Lipa Bill,4429058,4984224,555166,Dar es Salaam,0
TXN00987,6/10/2026 6:23,730689702,776565050,Withdraw,3469057,9897532,6428475,Morogoro,0
TXN00988,4/7/2026 6:19,732452379,738300713,Send Money,4851580,10640989,5789409,Morogoro,0
TXN00989,4/20/2026 17:23,725568500,717049544,Buy Airtime,1410934,9195812,7784878,Dodoma,0
TXN00990,4/6/2026 14:51,773923372,781473736,Buy Airtime,1965093,8337092,6371999,Dodoma,0
TXN00991,6/13/2026 9:51,729481680,781194737,Lipa Bill,3651815,3850843,199028,Tanga,0
TXN00992,8/21/2026 1:53,761271721,752371009,Send Money,4453088,5141249,688161,Mbeya,1
TXN00993,10/20/2026 2:44,767953319,791937985,Lipa Bill,2291655,7911475,5619820,Arusha,0
TXN00994,9/3/2026 20:47,723190487,744271680,Buy Airtime,4905430,11467901,6562471,Tanga,0
TXN00995,7/19/2026 9:06,789017236,736162482,Withdraw,4366676,10027419,5660743,Arusha,1
TXN00996,2/7/2026 19:57,711137651,719120357,Send Money,105339,7004948,6899609,Mbeya,0
TXN00997,1/13/2026 9:27,769853349,757179735,Lipa Bill,1845597,6598532,4752935,Mwanza,0
TXN00998,11/22/2026 11:36,713181023,793134088,Bank Transfer,776259,1730579,954320,Morogoro,0
TXN00999,8/9/2026 3:49,739101720,790448089,Send Money,1026649,3039530,2012881,Tanga,0
TXN01000,3/9/2026 2:06,727435856,760460287,Send Money,4753529,7853431,3099902,Morogoro,1
